1,对不起,259,1,
2,没关系,202,1,
3,不好意思,150,1,
4,不客气,143,1,
5,多大,132,1,
6,什么时候,127,1,
7,你好,120,1,
8,有意思,119,1,
9,多少钱,113,1,
10,一点儿,112,1,
11,谢谢,111,1,
12,请问,109,1,
13,再见,101,1,
14,一下,97,1,
15,太……了,95,1,
16,贵姓,89,1,
17,怎么样,76,1,
18,对了,74,1,
19,开玩笑,73,1,
20,不太,73,1,
21,快……了,70,1,
22,还可以,70,1,
23,没问题,69,1,
24,一会儿,69,1,
25,打电话,68,1,
26,又……又……,67,1,
27,来不及,62,1,
28,一路平安,62,1,
29,不要紧,62,1,
30,是……的,62,1,
31,除了……以外,61,1,
32,要……了,59,1,
33,一……就……,58,1,
34,越……越……,57,1,
35,是的,57,1,
36,怪不得,56,1,
37,一言为定,56,1,
38,请多关照,55,1,
39,第一次,55,1,
40,越来越,55,1,
41,多长时间,55,1,
42,没什么,54,1,
43,来得及,53,1,
44,不见不散,53,1,
45,哪里哪里,52,1,
46,不用,52,1,
47,为什么,52,1,
48,差不多,51,1,
49,感兴趣,51,1,
50,欢迎光临,50,1,
51,星期几,50,1,
52,没事儿,50,1,
53,名胜古迹,48,1,
54,好久不见,48,1,
55,怎么了,47,1,
56,越来越……,46,1,
57,不谢,46,1,
58,一边……一边……,46,1,
59,没想到,46,1,
60,算了,45,1,
61,就要……了,44,1,
62,几点,44,1,
63,一路顺风,44,1,
64,讨价还价,43,1,
65,极了,43,1,
66,快要……了,42,1,
67,什么的,42,1,
68,哪儿的话,41,1,
69,怎么办,39,1,
70,你看,39,1,
71,一下儿,39,1,
72,有点儿,38,1,
73,从……到……,37,1,
74,没办法,37,1,
75,听不懂,37,1,
76,下次,36,1,
77,晚安,36,1,
78,……极了,36,1,
79,各种各样,36,1,
80,看样子,36,1,
81,跟……一样,35,1,
82,有时候,35,1,
83,就是,34,1,
84,舍不得,34,1,
85,对……来说,34,1,
86,多长,33,1,
87,非……不可,32,1,
88,不行,32,1,
89,打招呼,32,1,
90,每天,32,1,
91,看起来,32,1,
92,好的,32,1,
93,听得懂,30,1,
94,哪国人,30,1,
95,是吗,29,1,
96,自我介绍,29,1,
97,受不了,28,1,
98,初次见面,28,1,
99,可不是,28,1,
100,受欢迎,28,1,
101,过意不去,28,1,
102,……的话,28,1,
103,名不虚传,27,1,
104,拉肚子,27,1,
105,好好儿,27,1,
106,无所谓,27,1,
107,劳驾,27,1,
108,别客气,26,1,
109,只要……就……,26,1,
110,一些,26,1,
111,像……一样,26,1,
112,添麻烦,25,1,
113,不知不觉,25,1,
114,睡懒觉,25,1,
115,万事如意,25,1,
116,下个月,25,1,
117,好久不见了,24,1,
118,几号,24,1,
119,说不定,24,1,
120,听说,24,1,
121,不是,24,1,
122,差得远,24,1,
123,没有,24,1,
124,包饺子,23,1,
125,上个月,23,1,
126,看来,23,1,
127,天气预报,23,1,
128,北京烤鸭,23,1,
129,什么地方,23,1,
130,好不容易,22,1,
131,边……边……,22,1,
132,马马虎虎,22,1,
133,了不起,22,1,
134,入乡随俗,22,1,
135,听音乐,22,1,
136,不敢当,22,1,
137,几月,22,1,
138,买东西,22,1,
139,请进,22,1,
140,弹钢琴,22,1,
141,公共汽车,21,1,
142,不要,21,1,
143,望子成龙,21,1,
144,既……又……,21,1,
145,买不起,21,1,
146,应有尽有,21,1,
147,住在,21,1,
148,中国人,21,1,
149,一边……一边,21,1,
150,慢走,21,1,
151,干吗,21,1,
152,下雨,21,1,
153,您好,21,1,
154,一个人,20,1,
155,……的时候,20,1,
156,点儿,20,1,
157,上课,20,1,
158,一……就,20,1,
159,一遍,20,1,
160,不用谢,20,1,
161,不舒服,20,1,
162,这个星期,20,1,
163,这个月,20,1,
164,太好了,19,1,
165,踢足球,19,1,
166,百闻不如一见,19,1,
167,不怎么,19,1,
168,哪里,19,1,
169,五颜六色,19,1,
170,从……起,19,1,
171,的话,19,1,
172,一举两得,19,1,
173,有的是,19,1,
174,十字路口,19,1,
175,不怎么样,19,1,
176,一个,18,1,
177,不得了,18,1,
178,是不是,18,1,
179,家常便饭,18,1,
180,吃不了,18,1,
181,无论如何,18,1,
182,画画儿,18,1,
183,刮风,18,1,
184,开车,18,1,
185,一见钟情,18,1,
186,下个星期,18,1,
187,没意思,18,1,
188,越……越,18,1,
189,从……到,18,1,
190,做作业,17,1,
191,多了,17,1,
192,是啊,17,1,
193,上个星期,17,1,
194,没错,17,1,
195,用不着,17,1,
196,有一天,17,1,
197,打交道,17,1,
198,久等,17,1,
199,你早,17,1,
200,这次,17,1,
201,不一定,17,1,
202,不是……吗,17,1,
203,请坐,17,1,
204,兄弟姐妹,16,1,
205,不错,16,1,
206,看电视,16,1,
207,对,16,1,
208,丰富多彩,16,1,
209,死了,16,1,
210,洗衣服,16,1,
211,以……为……,16,1,
212,您贵姓,16,1,
213,听懂,16,1,
214,日新月异,16,1,
215,……不了,16,1,
216,日本人,16,1,
217,人山人海,16,1,
218,一下子,16,1,
219,回头见,16,1,
220,零下,16,1,
221,对……感兴趣,16,1,
222,会……的,16,1,
223,跟……一起,16,1,
224,一次,16,1,
225,赶不上,16,1,
226,多远,15,1,
227,上网,15,1,
228,看上去,15,1,
229,想起来,15,1,
230,学好,15,1,
231,起床,15,1,
232,丢三落四,15,1,
233,又……又,15,1,
234,放暑假,15,1,
235,多少,15,1,
236,挺……的,15,1,
237,笔记本电脑,15,1,
238,堵车,15,1,
239,什么样,15,1,
240,不少,15,1,
241,明天见,15,1,
242,乱七八糟,15,1,
243,走着去,15,1,
244,下雪,15,1,
245,秋高气爽,14,1,
246,一天,14,1,
247,先……再……,14,1,
248,吃不下,14,1,
249,百货商店,14,1,
250,韩国人,14,1,
251,下课,14,1,
252,连……也……,14,1,
253,……多了,14,1,
254,如果……的话,14,1,
255,自言自语,14,1,
256,连……都,14,1,
257,真的,14,1,
258,离不开,14,1,
259,谈恋爱,14,1,
260,少不了,14,1,
261,你们好,14,1,
262,与众不同,14,1,
263,看电影,14,1,
264,早点儿,14,1,
265,交朋友,14,1,
266,连……也,14,1,
267,正在……呢,14,1,
268,不了,14,1,
269,成千上万,14,1,
270,好久,13,1,
271,打网球,13,1,
272,好吧,13,1,
273,不敢,13,1,
274,吃饱,13,1,
275,弄坏,13,1,
276,回家,13,1,
277,有事,13,1,
278,不得不,13,1,
279,别提了,13,1,
280,忍不住,13,1,
281,不见了,13,1,
282,下星期,13,1,
283,有空儿,13,1,
284,……分之……,13,1,
285,早就,13,1,
286,忘不了,13,1,
287,没错儿,13,1,
288,十全十美,13,1,
289,开夜车,13,1,
290,几天,13,1,
291,家家户户,13,1,
292,哪国,13,1,
293,到时候,13,1,
294,电话号码,13,1,
295,几个,13,1,
296,一模一样,12,1,
297,来晚,12,1,
298,该……了,12,1,
299,糟了,12,1,
300,电子邮件,12,1,
301,连……都……,12,1,
302,一帆风顺,12,1,
303,后会有期,12,1,
304,不可思议,12,1,
305,两个,12,1,
306,一刻,12,1,
307,麻婆豆腐,12,1,
308,打太极拳,12,1,
309,必不可少,12,1,
310,找不到,12,1,
311,卡拉ok,12,1,
312,有的,12,1,
313,已经……了,12,1,
314,回国,12,1,
315,像……似的,12,1,
316,和……一样,12,1,
317,……过,12,1,
318,上班,12,1,
319,大惊小怪,12,1,
320,好吗,12,1,
321,无可奈何,12,1,
322,别的,12,1,
323,不像话,12,1,
324,打雷,12,1,
325,不太……,12,1,
326,当……的时候,12,1,
327,的时候,12,1,
328,一大堆,11,1,
329,不知道,11,1,
330,一天到晚,11,1,
331,好几次,11,1,
332,打针,11,1,
333,谈不上,11,1,
334,好了,11,1,
335,可……了,11,1,
336,分期付款,11,1,
337,站起来,11,1,
338,是否,11,1,
339,别……了,11,1,
340,当……时,11,1,
341,拉小提琴,11,1,
342,几次,11,1,
343,不……了,11,1,
344,路上,11,1,
345,换车,11,1,
346,愁眉苦脸,11,1,
347,没事,11,1,
348,吃药,11,1,
349,不但……而且……,11,1,
350,一片,11,1,
351,肚子疼,11,1,
352,鱼香肉丝,11,1,
353,莫名其妙,11,1,
354,一望无际,11,1,
355,还是,11,1,
356,做菜,11,1,
357,大吃一惊,11,1,
358,名副其实,10,1,
359,有人,10,1,
360,好极了,10,1,
361,吃饭,10,1,
362,百分之,10,1,
363,并不,10,1,
364,早上好,10,1,
365,打棒球,10,1,
366,接电话,10,1,
367,不慌不忙,10,1,
368,干什么,10,1,
369,圣诞节,10,1,
370,既……又,10,1,
371,一个星期,10,1,
372,起名字,10,1,
373,源源不断,10,1,
374,中国菜,10,1,
375,……得很,10,1,
376,几月几号,10,1,
377,有两下子,10,1,
378,百货大楼,10,1,
379,打球,10,1,
380,走不动,10,1,
381,之一,10,1,
382,下车,10,1,
383,第二天,10,1,
384,看病,10,1,
385,数不清,10,1,
386,看得懂,10,1,
387,既……也……,10,1,
388,恭喜发财,10,1,
389,伤脑筋,10,1,
390,不至于,10,1,
391,举世闻名,10,1,
392,考上,10,1,
393,托福,10,1,
394,引人注目,10,1,
395,据说,10,1,
396,聊天儿,10,1,
397,得了,10,1,
398,怎么回事儿,10,1,
399,物美价廉,10,1,
400,亲朋好友,10,1,
401,哪个,10,1,
402,要不然,10,1,
403,食物中毒,10,1,
404,之间,10,1,
405,实事求是,9,2,
406,每年,9,2,
407,源远流长,9,2,
408,洗脸,9,2,
409,不见得,9,2,
410,出租汽车,9,2,
411,可不是吗,9,2,
412,点菜,9,2,
413,怎么回事,9,2,
414,差点儿,9,2,
415,恍然大悟,9,2,
416,闹笑话,9,2,
417,虽然……但是……,9,2,
418,买得起,9,2,
419,要是……就……,9,2,
420,发脾气,9,2,
421,往右拐,9,2,
422,爬山,9,2,
423,青椒肉丝,9,2,
424,通情达理,9,2,
425,半斤八两,9,2,
426,五花八门,9,2,
427,在……呢,9,2,
428,兴高采烈,9,2,
429,真是,9,2,
430,一衣带水,9,2,
431,打点滴,9,2,
432,想方设法,9,2,
433,几口人,9,2,
434,一趟,9,2,
435,做饭,9,2,
436,……起来,9,2,
437,涮羊肉,9,2,
438,前所未有,9,2,
439,骑自行车,9,2,
440,好,9,2,
441,放寒假,9,2,
442,和……一起,9,2,
443,好像……似的,9,2,
444,只有……才……,9,2,
445,过生日,9,2,
446,待会儿,9,2,
447,干嘛,9,2,
448,发短信,9,2,
449,勤工俭学,9,2,
450,（一）点儿,9,2,
451,看不起,9,2,
452,买到,9,2,
453,川流不息,9,2,
454,各式各样,9,2,
455,打的,9,2,
456,抽烟,9,2,
457,即使……也,9,2,
458,有所,9,2,
459,到……为止,9,2,
460,初次,9,2,
461,写信,9,2,
462,多久,9,2,
463,高速公路,9,2,
464,突飞猛进,8,2,
465,胡说八道,8,2,
466,喂,8,2,
467,没劲儿,8,2,
468,这个,8,2,
469,一心一意,8,2,
470,可不是嘛,8,2,
471,放鞭炮,8,2,
472,随心所欲,8,2,
473,说不好,8,2,
474,数码相机,8,2,
475,不算,8,2,
476,霸王别姬,8,2,
477,怎么搞的,8,2,
478,好喝,8,2,
479,半天,8,2,
480,一半,8,2,
481,吓一跳,8,2,
482,硬着头皮,8,2,
483,不可缺少,8,2,
484,过马路,8,2,
485,有道理,8,2,
486,一点,8,2,
487,太…了,8,2,
488,过日子,8,2,
489,比不上,8,2,
490,拿……来说,8,2,
491,独生子女,8,2,
492,百分之……,8,2,
493,走马观花,8,2,
494,比如说,8,2,
495,着呢,8,2,
496,贤妻良母,8,2,
497,老样子,8,2,
498,还没,8,2,
499,睡不着,8,2,
500,进一步,8,2,
501,不会,8,2,
502,大声,8,2,
503,没出息,8,2,
504,多高,8,2,
505,美中不足,8,2,
506,快点儿,8,2,
507,一口气,8,2,
508,得多,8,2,
509,酒足饭饱,8,2,
510,俩,8,2,
511,……上,8,2,
512,慢慢儿,8,2,
513,不由得,8,2,
514,几岁,8,2,
515,来晚了,8,2,
516,加油,8,2,
517,恨不得,8,2,
518,众所周知,8,2,
519,彼此彼此,8,2,
520,回来,8,2,
521,售后服务,8,2,
522,以……为,8,2,
523,取而代之,8,2,
524,不是……就是……,8,2,
525,晚上好,8,2,
526,麻烦你了,8,2,
527,从……来看,8,2,
528,新年好,8,2,
529,梦想成真,8,2,
530,饭后,8,2,
531,茉莉花茶,8,2,
532,……之一,8,2,
533,一个月,8,2,
534,还好,8,2,
535,请客,8,2,
536,想不到,8,2,
537,你好吗,8,2,
538,上星期,8,2,
539,寿比南山,8,2,
540,第一,8,2,
541,既然……就……,8,2,
542,因为……所以……,8,2,
543,求之不得,8,2,
544,不约而同,8,2,
545,美国人,8,2,
546,此致,8,2,
547,过奖,8,2,
548,拿主意,8,2,
549,一路,8,2,
550,刷牙,8,2,
551,下班,8,2,
552,打麻将,8,2,
553,山清水秀,8,2,
554,吃的,8,2,
555,一天比一天,8,2,
556,宫保鸡丁,7,2,
557,至高无上,7,2,
558,可想而知,7,2,
559,零上,7,2,
560,家用电器,7,2,
561,看报,7,2,
562,合资企业,7,2,
563,请,7,2,
564,体育运动,7,2,
565,省吃俭用,7,2,
566,张,7,2,
567,一段,7,2,
568,不是……而是……,7,2,
569,胡思乱想,7,2,
570,满头大汗,7,2,
571,……里,7,2,
572,不以为然,7,2,
573,从……开始,7,2,
574,发烧,7,2,
575,国庆节,7,2,
576,在……下,7,2,
577,单人房间,7,2,
578,直截了当,7,2,
579,一百,7,2,
580,以……为主,7,2,
581,哪里，哪里,7,2,
582,同屋,7,2,
583,真是的,7,2,
584,根深蒂固,7,2,
585,好啊,7,2,
586,没有意思,7,2,
587,恋恋不舍,7,2,
588,可口可乐,7,2,
589,有助于,7,2,
590,麦当劳,7,2,
591,好像,7,2,
592,快…了,7,2,
593,流行歌曲,7,2,
594,麻烦您了,7,2,
595,但愿如此,7,2,
596,就要,7,2,
597,就……了,7,2,
598,头疼,7,2,
599,春节,7,2,
600,不一样,7,2,
601,去不了,7,2,
602,购物中心,7,2,
603,头一次,7,2,
604,睡过头,7,2,
605,赔不是,7,2,
606,之前,7,2,
607,法国人,7,2,
608,亲爱的,7,2,
609,一家,7,2,
610,这两天,7,2,
611,看不见,7,2,
612,是……还是……,7,2,
613,早出晚归,7,2,
614,只能,7,2,
615,我家,7,2,
616,一系列,7,2,
617,三刻,7,2,
618,有用,7,2,
619,闹肚子,7,2,
620,请假,7,2,
621,不,7,2,
622,办手续,7,2,
623,理所当然,7,2,
624,心旷神怡,7,2,
625,心想事成,7,2,
626,原来如此,7,2,
627,后顾之忧,7,2,
628,下围棋,7,2,
629,太贵了,7,2,
630,量体温,7,2,
631,在……看来,7,2,
632,一斤,7,2,
633,问好,7,2,
634,下（个）星期,7,2,
635,相当于,7,2,
636,不用说,7,2,
637,下馆子,7,2,
638,越来越…,7,2,
639,对牛弹琴,7,2,
640,栩栩如生,7,2,
641,放假,7,2,
642,王,7,2,
643,流连忘返,7,2,
644,哪一年,7,2,
645,琳琅满目,7,2,
646,几年,7,2,
647,玩儿,7,2,
648,没准儿,7,2,
649,称得上,7,2,
650,一声,7,2,
651,微不足道,7,2,
652,打工,7,2,
653,第,7,2,
654,李,7,2,
655,吃得了,7,2,
656,家庭主妇,7,2,
657,络绎不绝,7,2,
658,两天,7,2,
659,供不应求,7,2,
660,四川菜,7,2,
661,买得到,7,2,
662,人生地不熟,7,2,
663,吃完,7,2,
664,们,7,2,
665,北京大学,7,2,
666,半个小时,7,2,
667,粗心大意,7,2,
668,公司职员,7,2,
669,总的来说,7,2,
670,比方说,7,2,
671,实况转播,7,2,
672,多云,7,2,
673,挨家挨户,7,2,
674,唱歌,7,2,
675,同岁,7,2,
676,再说,6,2,
677,上学,6,2,
678,匆匆忙忙,6,2,
679,一方面,6,2,
680,拿手菜,6,2,
681,不必,6,2,
682,习以为常,6,2,
683,送货上门,6,2,
684,怎么也,6,2,
685,写完,6,2,
686,在……时,6,2,
687,好吃,6,2,
688,就要…了,6,2,
689,您早,6,2,
690,临阵磨枪,6,2,
691,睡觉,6,2,
692,到齐,6,2,
693,在家,6,2,
694,管……叫……,6,2,
695,多大年纪,6,2,
696,全力以赴,6,2,
697,打电报,6,2,
698,回电话,6,2,
699,大开眼界,6,2,
700,见到,6,2,
701,无拘无束,6,2,
702,除了……之外,6,2,
703,星期四,6,2,
704,微乎其微,6,2,
705,一边儿……一边儿……,6,2,
706,吞吞吐吐,6,2,
707,无微不至,6,2,
708,网上,6,2,
709,因人而异,6,2,
710,怎么走,6,2,
711,这么说,6,2,
712,一句话,6,2,
713,一言不发,6,2,
714,儿童节,6,2,
715,逛街,6,2,
716,又…又,6,2,
717,拍马屁,6,2,
718,一家人,6,2,
719,大街小巷,6,2,
720,一群,6,2,
721,打乒乓球,6,2,
722,百忙之中,6,2,
723,分钟,6,2,
724,……死了,6,2,
725,自由自在,6,2,
726,坐火车,6,2,
727,不得已,6,2,
728,禁不住,6,2,
729,春暖花开,6,2,
730,多谢,6,2,
731,我看,6,2,
732,不在乎,6,2,
733,只要……就,6,2,
734,据我所知,6,2,
735,中秋节,6,2,
736,多多指教,6,2,
737,现场直播,6,2,
738,……后,6,2,
739,计划生育,6,2,
740,花钱,6,2,
741,打雪仗,6,2,
742,一脉相承,6,2,
743,……下来,6,2,
744,异口同声,6,2,
745,也就是说,6,2,
746,到……来,6,2,
747,人民币,6,2,
748,和,6,2,
749,忘了,6,2,
750,好不好,6,2,
751,层出不穷,6,2,
752,最好,6,2,
753,请稍等,6,2,
754,一块儿,6,2,
755,好几年,6,2,
756,听你的,6,2,
757,茅台酒,6,2,
758,无家可归,6,2,
759,几路车,6,2,
760,重男轻女,6,2,
761,东张西望,6,2,
762,那就,6,2,
763,四通八达,6,2,
764,坚持不懈,6,2,
765,一分,6,2,
766,给我,6,2,
767,露一手,6,2,
768,筋疲力尽,6,2,
769,在,6,2,
770,我朋友,6,2,
771,一杯,6,2,
772,看清楚,6,2,
773,起作用,6,2,
774,就是说,6,2,
775,顾不上,6,2,
776,上大学,6,2,
777,甲天下,6,2,
778,哪位,6,2,
779,只有……才,6,2,
780,一起,6,2,
781,津津有味,6,2,
782,举世瞩目,6,2,
783,一窍不通,6,2,
784,……一下,6,2,
785,吃得惯,6,2,
786,……得多,6,2,
787,无轨电车,6,2,
788,少数民族,6,2,
789,目不暇接,6,2,
790,毫无疑问,6,2,
791,为……干杯,6,2,
792,与其……不如……,6,2,
793,独一无二,6,2,
794,到……去,6,2,
795,提心吊胆,6,2,
796,唱歌儿,6,2,
797,走着,6,2,
798,还早,6,2,
799,早睡早起,6,2,
800,进去,6,2,
801,一份,6,2,
802,门当户对,6,2,
803,不知所措,6,2,
804,得天独厚,6,2,
805,了如指掌,6,2,
806,看书,6,2,
807,关门,6,2,
808,上,6,2,
809,睡不着觉,6,2,
810,越…越…,6,2,
811,高峰时间,6,2,
812,高楼大厦,6,2,
813,好多了,6,2,
814,拿不定,6,2,
815,几点钟,6,2,
816,打瞌睡,6,2,
817,千方百计,6,2,
818,马大哈,6,2,
819,都……了,6,2,
820,安居乐业,6,2,
821,如愿以偿,6,2,
822,不同,6,2,
823,打扑克,6,2,
824,随时随地,6,2,
825,炒鱿鱼,6,2,
826,过春节,6,2,
827,不是……而是,6,2,
828,千里迢迢,6,2,
829,高新技术,6,2,
830,到,6,2,
831,没用,6,2,
832,网上购物,6,2,
833,一个劲儿,6,2,
834,期末考试,6,2,
835,下功夫,6,2,
836,星期三,6,2,
837,十有八九,6,2,
838,换钱,6,2,
839,随着,6,2,
840,不喜欢,6,2,
841,减肥,6,2,
842,大饱口福,6,2,
843,用不了,6,2,
844,快要,6,2,
845,从小,6,2,
846,上气不接下气,6,2,
847,卖完,6,2,
848,被……所……,6,2,
849,手忙脚乱,6,2,
850,好意思,6,2,
851,哪一位,6,2,
852,对得起,6,2,
853,翻天覆地,6,2,
854,样样,6,2,
855,一阵,6,2,
856,井底之蛙,6,2,
857,记不住,6,2,
858,多大岁数,6,2,
859,一点儿都,6,2,
860,闷闷不乐,6,2,
861,要是……就,6,2,
862,半途而废,6,2,
863,不小心,6,2,
864,打车,6,2,
865,稍等,6,2,
866,免不了,6,2,
867,这位,6,2,
868,除了,6,2,
869,朝气蓬勃,6,2,
870,不巧,6,2,
871,钓鱼,6,2,
872,家喻户晓,6,2,
873,总而言之,5,2,
874,结婚,5,2,
875,难道……吗,5,2,
876,桂林山水甲天下,5,2,
877,塞翁失马,5,2,
878,糊里糊涂,5,2,
879,上街,5,2,
880,一年,5,2,
881,还没呢,5,2,
882,七嘴八舌,5,2,
883,怎么,5,2,
884,稀奇古怪,5,2,
885,自力更生,5,2,
886,郁郁葱葱,5,2,
887,你呢,5,2,
888,痛痛快快,5,2,
889,……得了,5,2,
890,找到,5,2,
891,之后,5,2,
892,要是,5,2,
893,蒸蒸日上,5,2,
894,差一点儿,5,2,
895,百货商场,5,2,
896,介绍一下,5,2,
897,下不为例,5,2,
898,要命,5,2,
899,无孔不入,5,2,
900,真不巧,5,2,
901,不怎么……,5,2,
902,祸不单行,5,2,
903,上（个）星期,5,2,
904,哪天,5,2,
905,坐得下,5,2,
906,要不,5,2,
907,世世代代,5,2,
908,水泄不通,5,2,
909,是呀,5,2,
910,一转眼,5,2,
911,三室一厅,5,2,
912,早安,5,2,
913,不知,5,2,
914,流鼻涕,5,2,
915,做生意,5,2,
916,有空,5,2,
917,天啊,5,2,
918,哈哈大笑,5,2,
919,正……呢,5,2,
920,大部分,5,2,
921,不……不……,5,2,
922,如果……就……,5,2,
923,见面,5,2,
924,逢年过节,5,2,
925,但愿,5,2,
926,一万,5,2,
927,急急忙忙,5,2,
928,兢兢业业,5,2,
929,养狗,5,2,
930,以外,5,2,
931,认不出来,5,2,
932,太~了,5,2,
933,AA制,5,2,
934,出门,5,2,
935,上不去,5,2,
936,得意洋洋,5,2,
937,好玩儿,5,2,
938,干杯,5,2,
939,左右,5,2,
940,耐人寻味,5,2,
941,坐在,5,2,
942,一套,5,2,
943,问路,5,2,
944,送给,5,2,
945,只好,5,2,
946,除此之外,5,2,
947,不肯,5,2,
948,一边儿……一边儿,5,2,
949,趁热打铁,5,2,
950,跑来跑去,5,2,
951,电脑游戏,5,2,
952,滔滔不绝,5,2,
953,收下,5,2,
954,行吗,5,2,
955,贪赃枉法,5,2,
956,多着呢,5,2,
957,除了……以外……,5,2,
958,显而易见,5,2,
959,二楼,5,2,
960,为的是,5,2,
961,奥运会,5,2,
962,停车,5,2,
963,这么着,5,2,
964,自知之明,5,2,
965,坐不下,5,2,
966,肯德基,5,2,
967,除了…以外,5,2,
968,小心翼翼,5,2,
969,数不胜数,5,2,
970,弄脏,5,2,
971,画蛇添足,5,2,
972,天哪,5,2,
973,是~的,5,2,
974,一见如故,5,2,
975,课外活动,5,2,
976,坏了,5,2,
977,尤其是,5,2,
978,自由市场,5,2,
979,一千,5,2,
980,上车,5,2,
981,畅所欲言,5,2,
982,记忆犹新,5,2,
983,春夏秋冬,5,2,
984,蹦蹦跳跳,5,2,
985,生日快乐,5,2,
986,跟…一样,5,2,
987,干干净净,5,2,
988,自以为是,5,2,
989,一个半小时,5,2,
990,离家出走,5,2,
991,聚精会神,5,2,
992,哪些,5,2,
993,三言两语,5,2,
994,为……所……,5,2,
995,山明水秀,5,2,
996,大同小异,5,2,
997,力不从心,5,2,
998,一批,5,2,
999,前几天,5,2,
1000,谁说的,5,2,
1001,不简单,5,2,
1002,基本上,5,2,
1003,街头巷尾,5,2,
1004,心甘情愿,5,2,
1005,就是……也……,5,2,
1006,出主意,5,2,
1007,有关,5,2,
1008,要死,5,2,
1009,一个个,5,2,
1010,哪年,5,2,
1011,羊肉串儿,5,2,
1012,长得,5,2,
1013,起来,5,2,
1014,走亲访友,5,2,
1015,马到成功,5,2,
1016,回不来,5,2,
1017,惊慌失措,5,2,
1018,请勿吸烟,5,2,
1019,够……的,5,2,
1020,丝绸之路,5,2,
1021,过奖了,5,2,
1022,吃不惯,5,2,
1023,古色古香,5,2,
1024,名列前茅,5,2,
1025,刮胡子,5,2,
1026,量入为出,5,2,
1027,兴致勃勃,5,2,
1028,一共,5,2,
1029,来着,5,2,
1030,目瞪口呆,5,2,
1031,特快,5,2,
1032,发伊妹儿,5,2,
1033,换句话说,5,2,
1034,怎么这么,5,2,
1035,依依不舍,5,2,
1036,谢天谢地,5,2,
1037,头痛,5,2,
1038,走投无路,5,2,
1039,看不清楚,5,2,
1040,汉语,5,2,
1041,在一起,5,2,
1042,堂堂正正,5,2,
1043,合口味,5,2,
1044,五音不全,5,2,
1045,争先恐后,5,2,
1046,长生不老,5,2,
1047,满汉全席,5,2,
1048,迷上,5,2,
1049,……口人,5,2,
1050,纪念邮票,5,2,
1051,出乎意料,5,2,
1052,上次,5,2,
1053,祝你生日快乐,5,2,
1054,既…又…,5,2,
1055,看得见,5,2,
1056,带来,5,2,
1057,雨后春笋,5,2,
1058,一室一厅,5,2,
1059,青梅竹马,5,2,
1060,以A为B,5,2,
1061,多多关照,5,2,
1062,不耐烦,5,2,
1063,无能为力,5,2,
1064,下象棋,5,2,
1065,对…感兴趣,5,2,
1066,自古以来,5,2,
1067,亡羊补牢,5,2,
1068,乔迁之喜,5,2,
1069,骑车,5,2,
1070,自然而然,5,2,
1071,大不了,5,2,
1072,从早到晚,5,2,
1073,年夜饭,5,2,
1074,我的,5,2,
1075,特别是,5,2,
1076,给,5,2,
1077,九牛二虎之力,5,2,
1078,除了……还……,5,2,
1079,超重,5,2,
1080,打错,5,2,
1081,齐心协力,5,2,
1082,往前走,5,2,
1083,迄今为止,5,2,
1084,不景气,5,2,
1085,回得来,5,2,
1086,一……,5,2,
1087,光阴似箭,5,2,
1088,旅行支票,5,2,
1089,端午节,5,2,
1090,还是……吧,5,2,
1091,多少钱？,5,2,
1092,商务中心,5,2,
1093,山上,5,2,
1094,不能不,5,2,
1095,风和日丽,5,2,
1096,动手,5,2,
1097,张灯结彩,5,2,
1098,辛苦了,5,2,
1099,参鸡汤,5,2,
1100,与时俱进,5,2,
1101,情有独钟,5,2,
1102,不堪设想,5,2,
1103,这种,5,2,
1104,出去,5,2,
1105,实际上,5,2,
1106,要是……的话,5,2,
1107,多少时间,5,2,
1108,天天,5,2,
1109,找工作,5,2,
1110,第一天,5,2,
1111,四面八方,5,2,
1112,这几天,5,2,
1113,听话,5,2,
1114,乡镇企业,5,2,
1115,高尔夫球,5,2,
1116,吧,5,2,
1117,以防万一,5,2,
1118,正要,5,2,
1119,白头偕老,5,2,
1120,哭笑不得,5,2,
1121,名符其实,5,2,
1122,一般来说,5,2,
1123,拍照片,5,2,
1124,千载难逢,5,2,
1125,说实话,5,2,
1126,素不相识,5,2,
1127,屡见不鲜,5,2,
1128,大手大脚,5,2,
1129,那还用说,5,2,
1130,出洋相,5,2,
1131,第一名,5,2,
1132,不能,5,2,
1133,好几天,5,2,
1134,请多多关照,5,2,
1135,每次,5,2,
1136,正在,5,2,
1137,敲锣打鼓,4,2,
1138,有没有,4,2,
1139,二号,4,2,
1140,劳动节,4,2,
1141,动手术,4,2,
1142,上下班,4,2,
1143,循规蹈矩,4,2,
1144,看小说,4,2,
1145,一技之长,4,2,
1146,东奔西跑,4,2,
1147,那个,4,2,
1148,梦寐以求,4,2,
1149,一眨眼,4,2,
1150,起,4,2,
1151,……好,4,2,
1152,生儿育女,4,2,
1153,加起来,4,2,
1154,通俗易懂,4,2,
1155,两个月,4,2,
1156,热泪盈眶,4,2,
1157,上（个）月,4,2,
1158,工艺美术品,4,2,
1159,你的,4,2,
1160,窃窃私语,4,2,
1161,前两天,4,2,
1162,电子词典,4,2,
1163,多种多样,4,2,
1164,不假思索,4,2,
1165,这么,4,2,
1166,付钱,4,2,
1167,头晕,4,2,
1168,……得……,4,2,
1169,优胜劣汰,4,2,
1170,吃午饭,4,2,
1171,拜拜,4,2,
1172,看完,4,2,
1173,不到长城非好汉,4,2,
1174,看不惯,4,2,
1175,多……啊,4,2,
1176,没日没夜,4,2,
1177,知识产权,4,2,
1178,依我看,4,2,
1179,各位,4,2,
1180,小笼包,4,2,
1181,人之常情,4,2,
1182,尽可能,4,2,
1183,自动取款机,4,2,
1184,辛辛苦苦,4,2,
1185,拿得动,4,2,
1186,下去,4,2,
1187,不要……,4,2,
1188,谁……谁……,4,2,
1189,市内电话,4,2,
1190,三天,4,2,
1191,如果……就,4,2,
1192,……来着,4,2,
1193,行了,4,2,
1194,不如,4,2,
1195,天安门,4,2,
1196,大名鼎鼎,4,2,
1197,没完没了,4,2,
1198,鳞次栉比,4,2,
1199,市中心,4,2,
1200,拿……开心,4,2,
1201,置之不理,4,2,
1202,气人,4,2,
1203,听起来,4,2,
1204,无动于衷,4,2,
1205,满不在乎,4,2,
1206,每个人,4,2,
1207,太棒了,4,2,
1208,叫醒服务,4,2,
1209,走后门,4,2,
1210,另一方面,4,2,
1211,坐公共汽车,4,2,
1212,基础设施,4,2,
1213,无精打采,4,2,
1214,受得了,4,2,
1215,与……一起,4,2,
1216,发达国家,4,2,
1217,出人头地,4,2,
1218,双喜临门,4,2,
1219,纸上谈兵,4,2,
1220,近年来,4,2,
1221,喝茶,4,2,
1222,放心,4,2,
1223,小题大做,4,2,
1224,五彩缤纷,4,2,
1225,不好,4,2,
1226,洗温泉,4,2,
1227,天经地义,4,2,
1228,气势磅礴,4,2,
1229,打呼噜,4,2,
1230,按时,4,2,
1231,顺其自然,4,2,
1232,一点儿也不,4,2,
1233,大相径庭,4,2,
1234,…的话,4,2,
1235,泼冷水,4,2,
1236,古为今用,4,2,
1237,大饱眼福,4,2,
1238,请等一下,4,2,
1239,不够,4,2,
1240,用得着,4,2,
1241,坏透了,4,2,
1242,有（一）点儿,4,2,
1243,一日游,4,2,
1244,来,4,2,
1245,愤世嫉俗,4,2,
1246,一辈子,4,2,
1247,三星级,4,2,
1248,嗓子疼,4,2,
1249,生气,4,2,
1250,星期……,4,2,
1251,迪斯科,4,2,
1252,久而久之,4,2,
1253,收起来,4,2,
1254,车到山前必有路,4,2,
1255,一点儿也,4,2,
1256,在所不惜,4,2,
1257,虽然……但是,4,2,
1258,什么都,4,2,
1259,有声有色,4,2,
1260,有意义,4,2,
1261,所谓,4,2,
1262,多重,4,2,
1263,回去,4,2,
1264,拔地而起,4,2,
1265,骑走,4,2,
1266,多姿多彩,4,2,
1267,只有……才能……,4,2,
1268,经济特区,4,2,
1269,又…又…,4,2,
1270,洗干净,4,2,
1271,星期六,4,2,
1272,一种,4,2,
1273,吃不起,4,2,
1274,公用电话,4,2,
1275,……着,4,2,
1276,让您久等了,4,2,
1277,毫不犹豫,4,2,
1278,自作自受,4,2,
1279,万不得已,4,2,
1280,知识经济,4,2,
1281,中文报,4,2,
1282,哎,4,2,
1283,辞旧迎新,4,2,
1284,天昏地暗,4,2,
1285,赶时髦,4,2,
1286,一清二楚,4,2,
1287,请喝茶,4,2,
1288,过几天,4,2,
1289,出风头,4,2,
1290,交通工具,4,2,
1291,下一站,4,2,
1292,一边儿,4,2,
1293,系领带,4,2,
1294,一时半会儿,4,2,
1295,那好,4,2,
1296,得心应手,4,2,
1297,不容易,4,2,
1298,拐弯儿,4,2,
1299,禁止拍照,4,2,
1300,闹别扭,4,2,
1301,不管……都……,4,2,
1302,看懂,4,2,
1303,教师节,4,2,
1304,打羽毛球,4,2,
1305,游山玩水,4,2,
1306,志同道合,4,2,
1307,喝不下,4,2,
1308,不计其数,4,2,
1309,……的时候……,4,2,
1310,轻而易举,4,2,
1311,电脑病毒,4,2,
1312,出国,4,2,
1313,在……之中,4,2,
1314,很好,4,2,
1315,先……再,4,2,
1316,欣欣向荣,4,2,
1317,火冒三丈,4,2,
1318,力所能及,4,2,
1319,三五成群,4,2,
1320,灵机一动,4,2,
1321,排队,4,2,
1322,打喷嚏,4,2,
1323,金融危机,4,2,
1324,胆战心惊,4,2,
1325,岂有此理,4,2,
1326,麻烦你,4,2,
1327,雄心勃勃,4,2,
1328,礼轻情意重,4,2,
1329,有一次,4,2,
1330,打错了,4,2,
1331,饭前,4,2,
1332,约好,4,2,
1333,假的,4,2,
1334,一瘸一拐,4,2,
1335,五分,4,2,
1336,以身作则,4,2,
1337,持之以恒,4,2,
1338,看不懂,4,2,
1339,哪儿啊,4,2,
1340,有条不紊,4,2,
1341,分之,4,2,
1342,全心全意,4,2,
1343,晴转多云,4,2,
1344,乌龙茶,4,2,
1345,跟不上,4,2,
1346,……是……,4,2,
1347,同班同学,4,2,
1348,侃大山,4,2,
1349,高高兴兴,4,2,
1350,说漏嘴,4,2,
1351,牙疼,4,2,
1352,期中考试,4,2,
1353,五星级,4,2,
1354,算不上,4,2,
1355,应运而生,4,2,
1356,不切实际,4,2,
1357,下（个）月,4,2,
1358,信用卡,4,2,
1359,随身携带,4,2,
1360,玩中学,4,2,
1361,有利于,4,2,
1362,空中小姐,4,2,
1363,有的时候,4,2,
1364,列为,4,2,
1365,情不自禁,4,2,
1366,慢用,4,2,
1367,赵,4,2,
1368,滑雪,4,2,
1369,两下子,4,2,
1370,面带笑容,4,2,
1371,真巧,4,2,
1372,集邮,4,2,
1373,这星期,4,2,
1374,才……呢,4,2,
1375,谈得来,4,2,
1376,无亲无故,4,2,
1377,这就,4,2,
1378,不可以,4,2,
1379,冬暖夏凉,4,2,
1380,自从,4,2,
1381,新来的,4,2,
1382,倾家荡产,4,2,
1383,赔小心,4,2,
1384,不过,4,2,
1385,一样,4,2,
1386,天涯海角,4,2,
1387,历史悠久,4,2,
1388,不三不四,4,2,
1389,负责任,4,2,
1390,女的,4,2,
1391,托您的福,4,2,
1392,北京饭店,4,2,
1393,举足轻重,4,2,
1394,顾名思义,4,2,
1395,杀毒软件,4,2,
1396,千篇一律,4,2,
1397,想起来了,4,2,
1398,糖醋排骨,4,2,
1399,如此,4,2,
1400,什么事儿,4,2,
1401,狼心狗肺,4,2,
1402,东奔西走,4,2,
1403,老二,4,2,
1404,约定俗成,4,2,
1405,喝点儿,4,2,
1406,托运行李,4,2,
1407,不要了,4,2,
1408,好像……一样,4,2,
1409,情投意合,4,2,
1410,清华大学,4,2,
1411,占线,4,2,
1412,小,4,2,
1413,合口味儿,4,2,
1414,腰疼,4,2,
1415,不要脸,4,2,
1416,走路,4,2,
1417,等一下,4,2,
1418,花时间,4,2,
1419,变得……,4,2,
1420,不好……,4,2,
1421,有生以来,4,2,
1422,不到,4,2,
1423,不二价,4,2,
1424,脚踏实地,4,2,
1425,还行,4,2,
1426,一顿,4,2,
1427,……似的,4,2,
1428,早早儿,4,2,
1429,起不来,4,2,
1430,费劲儿,4,2,
1431,富丽堂皇,4,2,
1432,完,4,2,
1433,地铁站,4,2,
1434,看过,4,2,
1435,一对,4,2,
1436,毕恭毕敬,4,2,
1437,留作业,4,2,
1438,拉关系,4,2,
1439,飞往,4,2,
1440,胸有成竹,4,2,
1441,看不出来,4,2,
1442,就好了,4,2,
1443,良药苦口,4,2,
1444,记不得,4,2,
1445,好几个,4,2,
1446,有关系,4,2,
1447,紫菜包饭,4,2,
1448,有能力,4,2,
1449,东南西北,4,2,
1450,一五一十,4,2,
1451,青岛啤酒,4,2,
1452,一年到头,4,2,
1453,冷起来,4,2,
1454,黄金周,4,2,
1455,见,4,2,
1456,良莠不齐,4,2,
1457,多大了,4,2,
1458,连……都/也,4,2,
1459,何去何从,4,2,
1460,左邻右舍,4,2,
1461,塌下来,4,2,
1462,措手不及,4,2,
1463,家里,4,2,
1464,一声不吭,4,2,
1465,一个小时,4,2,
1466,生意兴隆,4,2,
1467,一命呜呼,4,2,
1468,酒逢知己千杯少,4,2,
1469,汉语水平考试,4,2,
1470,累死了,4,2,
1471,两点半,4,2,
1472,看到,4,2,
1473,小……,4,2,
1474,芭蕾舞,4,2,
1475,用功,4,2,
1476,陈,4,2,
1477,奥林匹克,4,2,
1478,太极拳,4,2,
1479,相比之下,4,2,
1480,想不起来,4,2,
1481,尽力而为,4,2,
1482,脱口而出,4,2,
1483,通货膨胀,4,2,
1484,钻空子,4,2,
1485,一丝不苟,4,2,
1486,现代化,4,2,
1487,直到……才……,4,2,
1488,可以吗,4,2,
1489,那太好了,4,2,
1490,对于……来说,4,2,
1491,一饮而尽,4,2,
1492,……得,4,2,
1493,我的天,4,2,
1494,不紧不慢,4,2,
1495,一张,4,2,
1496,长途电话,4,2,
1497,一月,4,2,
1498,少算,4,2,
1499,家庭妇女,4,2,
1500,星期二,4,2,
1501,爱面子,4,2,
1502,说不过去,4,2,
1503,改革开放,4,2,
1504,连……带……,4,2,
1505,眼花缭乱,4,2,
1506,广东菜,4,2,
1507,你看你,4,2,
1508,卖光,4,2,
1509,实话实说,4,2,
1510,……不起,4,2,
1511,三天两头,4,2,
1512,半,4,2,
1513,北京菜,4,2,
1514,爱财如命,4,2,
1515,为了,4,2,
1516,大有人在,4,2,
1517,不好吃,4,2,
1518,罢了,4,2,
1519,两年,4,2,
1520,小巧玲珑,4,2,
1521,民以食为天,4,2,
1522,省钱,4,2,
1523,还算,4,2,
1524,家里人,4,2,
1525,一点儿也……,4,2,
1526,怎么卖,4,2,
1527,对…来说,4,2,
1528,各有千秋,4,2,
1529,去不成,4,2,
1530,放进去,4,2,
1531,闹着玩儿,4,2,
1532,能不能,4,2,
1533,做梦,4,2,
1534,应接不暇,4,2,
1535,脍炙人口,4,2,
1536,买不到,4,2,
1537,旁边儿,4,2,
1538,大权在握,4,2,
1539,狗不理包子,4,2,
1540,光彩照人,4,2,
1541,招架不住,4,2,
1542,等会儿,4,2,
1543,做功课,4,2,
1544,驾驶执照,4,2,
1545,跳舞,4,2,
1546,各付各的,4,2,
1547,风土人情,4,2,
1548,到了,4,2,
1549,吓了一跳,4,2,
1550,特快专递,4,2,
1551,不见,4,2,
1552,那倒是,4,2,
1553,甭提了,4,2,
1554,打篮球,4,2,
1555,狼吞虎咽,4,2,
1556,开眼界,4,2,
1557,还没……呢,4,2,
1558,交不上,4,2,
1559,发展中国家,4,2,
1560,凑热闹,4,2,
1561,天伦之乐,4,2,
1562,双休日,4,2,
1563,忙什么,4,2,
1564,不仅……而且……,4,2,
1565,有……那么,4,2,
1566,世外桃源,4,2,
1567,号,4,2,
1568,八九不离十,4,2,
1569,西游记,4,2,
1570,酸辣汤,4,2,
1571,有一点儿,4,2,
1572,人行横道,4,2,
1573,对方付款,4,2,
1574,传宗接代,4,2,
1575,有信心,4,2,
1576,礼尚往来,4,2,
1577,死去活来,4,2,
1578,双人房间,4,2,
1579,做客,4,2,
1580,戴眼镜,4,2,
1581,地地道道,4,2,
1582,妻管严,4,2,
1583,错,3,3,
1584,物有所值,3,3,
1585,想一想,3,3,
1586,针锋相对,3,3,
1587,不但…而且…,3,3,
1588,起到了……的作用,3,3,
1589,头一个,3,3,
1590,每周,3,3,
1591,向往已久,3,3,
1592,不至于……,3,3,
1593,……不……,3,3,
1594,绿草茵茵,3,3,
1595,等……以后,3,3,
1596,就……而言,3,3,
1597,饮食起居,3,3,
1598,满山遍野,3,3,
1599,再加上,3,3,
1600,土生土长,3,3,
1601,网上聊天,3,3,
1602,因为……所以,3,3,
1603,不去,3,3,
1604,做家务,3,3,
1605,过来,3,3,
1606,励精图治,3,3,
1607,不可救药,3,3,
1608,一定要,3,3,
1609,满城风雨,3,3,
1610,任重道远,3,3,
1611,八字没一撇,3,3,
1612,有心人,3,3,
1613,京酱肉丝,3,3,
1614,尊老爱幼,3,3,
1615,天安门广场,3,3,
1616,星期五,3,3,
1617,垂头丧气,3,3,
1618,泻肚子,3,3,
1619,一会儿……一会儿,3,3,
1620,知识分子,3,3,
1621,大吃大喝,3,3,
1622,降到,3,3,
1623,只是……而已,3,3,
1624,打九折,3,3,
1625,高新科技,3,3,
1626,啊,3,3,
1627,不觉,3,3,
1628,新同学,3,3,
1629,倒霉,3,3,
1630,双人,3,3,
1631,风景如画,3,3,
1632,合情合理,3,3,
1633,一举成名,3,3,
1634,世界杯,3,3,
1635,出院,3,3,
1636,羊肉串,3,3,
1637,呐喊助威,3,3,
1638,变得,3,3,
1639,回心转意,3,3,
1640,名列榜首,3,3,
1641,拿出来,3,3,
1642,寄信,3,3,
1643,好事成双,3,3,
1644,比起来,3,3,
1645,地处,3,3,
1646,好找,3,3,
1647,百折不挠,3,3,
1648,晒太阳,3,3,
1649,身上,3,3,
1650,二月,3,3,
1651,国际长途,3,3,
1652,一言难尽,3,3,
1653,起到……作用,3,3,
1654,老师好,3,3,
1655,精打细算,3,3,
1656,着急,3,3,
1657,几点（钟）,3,3,
1658,模糊不清,3,3,
1659,种种,3,3,
1660,两点一刻,3,3,
1661,一文不值,3,3,
1662,睁不开,3,3,
1663,绍兴酒,3,3,
1664,人不可貌相,3,3,
1665,倾盆大雨,3,3,
1666,了,3,3,
1667,等……再,3,3,
1668,不可否认,3,3,
1669,拂袖而去,3,3,
1670,搬不动,3,3,
1671,帅呆了,3,3,
1672,一面……一面,3,3,
1673,国际线,3,3,
1674,上个,3,3,
1675,全军覆没,3,3,
1676,说不出,3,3,
1677,聊天,3,3,
1678,谁知道,3,3,
1679,不一会儿,3,3,
1680,邮政编码,3,3,
1681,进来,3,3,
1682,鸡毛蒜皮,3,3,
1683,做手术,3,3,
1684,刚开始,3,3,
1685,虎头蛇尾,3,3,
1686,听见,3,3,
1687,打电脑,3,3,
1688,证券公司,3,3,
1689,龙井茶,3,3,
1690,下个,3,3,
1691,婚姻介绍所,3,3,
1692,荡然无存,3,3,
1693,办不到,3,3,
1694,填饱,3,3,
1695,息息相关,3,3,
1696,说好,3,3,
1697,成了,3,3,
1698,我的天啊,3,3,
1699,断子绝孙,3,3,
1700,大举入侵,3,3,
1701,有朝一日,3,3,
1702,打扫卫生,3,3,
1703,慢条斯理,3,3,
1704,想家,3,3,
1705,……得起,3,3,
1706,卧床不起,3,3,
1707,元,3,3,
1708,倒进去,3,3,
1709,问卷调查,3,3,
1710,煎鸡蛋,3,3,
1711,刮目相看,3,3,
1712,怎么……,3,3,
1713,无忧无虑,3,3,
1714,不顾一切,3,3,
1715,赶趟儿,3,3,
1716,居高临下,3,3,
1717,点头哈腰,3,3,
1718,彬彬有礼,3,3,
1719,井井有条,3,3,
1720,人满为患,3,3,
1721,加小心,3,3,
1722,脱不开身,3,3,
1723,虚张声势,3,3,
1724,例如,3,3,
1725,操作系统,3,3,
1726,谈情说爱,3,3,
1727,丢面子,3,3,
1728,一定,3,3,
1729,平起平坐,3,3,
1730,久仰大名,3,3,
1731,廉洁奉公,3,3,
1732,向,3,3,
1733,打官司,3,3,
1734,日本酒,3,3,
1735,津津乐道,3,3,
1736,觉得,3,3,
1737,给面子,3,3,
1738,拿过来,3,3,
1739,借走,3,3,
1740,两个人,3,3,
1741,晚点,3,3,
1742,身败名裂,3,3,
1743,走马看花,3,3,
1744,……光,3,3,
1745,服装设计师,3,3,
1746,不露声色,3,3,
1747,喜出望外,3,3,
1748,几个月,3,3,
1749,对号入座,3,3,
1750,大学毕业,3,3,
1751,老掉牙,3,3,
1752,走来走去,3,3,
1753,对外,3,3,
1754,下来,3,3,
1755,鸟语花香,3,3,
1756,依依惜别,3,3,
1757,进站,3,3,
1758,…的时候,3,3,
1759,震耳欲聋,3,3,
1760,口渴,3,3,
1761,两码事,3,3,
1762,为……,3,3,
1763,反复无常,3,3,
1764,家常菜,3,3,
1765,说到,3,3,
1766,一宿,3,3,
1767,古往今来,3,3,
1768,赶上,3,3,
1769,到点,3,3,
1770,就是了,3,3,
1771,谁知,3,3,
1772,绰绰有余,3,3,
1773,以貌取人,3,3,
1774,有约在先,3,3,
1775,先发制人,3,3,
1776,连……都（也）,3,3,
1777,打牌,3,3,
1778,消化不良,3,3,
1779,不能……了,3,3,
1780,好容易,3,3,
1781,手头儿紧,3,3,
1782,……完,3,3,
1783,说不出来,3,3,
1784,试试看,3,3,
1785,无缘无故,3,3,
1786,……号,3,3,
1787,睡大觉,3,3,
1788,少见,3,3,
1789,目不转睛,3,3,
1790,忘恩负义,3,3,
1791,跨国公司,3,3,
1792,刻,3,3,
1793,做买卖,3,3,
1794,客满,3,3,
1795,每逢,3,3,
1796,青红皂白,3,3,
1797,几分,3,3,
1798,一倍,3,3,
1799,找对象,3,3,
1800,在……后面,3,3,
1801,只,3,3,
1802,说得,3,3,
1803,资金周转,3,3,
1804,迪斯尼乐园,3,3,
1805,意味着,3,3,
1806,真才实学,3,3,
1807,拿不定主意,3,3,
1808,被捕,3,3,
1809,弄丢,3,3,
1810,卧薪尝胆,3,3,
1811,足底按摩,3,3,
1812,天人合一,3,3,
1813,像话,3,3,
1814,一…就…,3,3,
1815,加急,3,3,
1816,倒是,3,3,
1817,喝醉,3,3,
1818,搞不清,3,3,
1819,无所事事,3,3,
1820,超级市场,3,3,
1821,不再,3,3,
1822,多,3,3,
1823,一直,3,3,
1824,自相矛盾,3,3,
1825,转眼,3,3,
1826,坐飞机,3,3,
1827,十分,3,3,
1828,拾金不昧,3,3,
1829,讨喜欢,3,3,
1830,举手之劳,3,3,
1831,英语,3,3,
1832,周而复始,3,3,
1833,迫不及待,3,3,
1834,带孩子,3,3,
1835,迷路,3,3,
1836,……之内,3,3,
1837,国际特快专递,3,3,
1838,半个钟头,3,3,
1839,弄虚作假,3,3,
1840,每当,3,3,
1841,千真万确,3,3,
1842,查字典,3,3,
1843,汹涌澎湃,3,3,
1844,从……看,3,3,
1845,不远送了,3,3,
1846,男女老少,3,3,
1847,一来……二来……,3,3,
1848,在……方面,3,3,
1849,绞尽脑汁,3,3,
1850,信以为真,3,3,
1851,狂人日记,3,3,
1852,对不住,3,3,
1853,祝你一路平安,3,3,
1854,打折扣,3,3,
1855,真实的,3,3,
1856,半工半读,3,3,
1857,稍等一下,3,3,
1858,有氧运动,3,3,
1859,…多了,3,3,
1860,令人瞩目,3,3,
1861,说来,3,3,
1862,一触即发,3,3,
1863,足球赛,3,3,
1864,别急,3,3,
1865,赞不绝口,3,3,
1866,看一看,3,3,
1867,一面……一面……,3,3,
1868,一~就,3,3,
1869,老实说,3,3,
1870,连着,3,3,
1871,妇女节,3,3,
1872,找找,3,3,
1873,一行,3,3,
1874,按理说,3,3,
1875,好半天,3,3,
1876,想到,3,3,
1877,总有一天,3,3,
1878,来这一套,3,3,
1879,一整天,3,3,
1880,服兵役,3,3,
1881,只有,3,3,
1882,比……要……,3,3,
1883,从…到…,3,3,
1884,……极了……,3,3,
1885,古今中外,3,3,
1886,不是……吗？,3,3,
1887,之所以,3,3,
1888,古典音乐,3,3,
1889,吃不到,3,3,
1890,金碧辉煌,3,3,
1891,以后,3,3,
1892,试穿,3,3,
1893,三点一刻,3,3,
1894,瞬息万变,3,3,
1895,月下老人,3,3,
1896,跟,3,3,
1897,提意见,3,3,
1898,打包,3,3,
1899,见过,3,3,
1900,着,3,3,
1901,小有名气,3,3,
1902,高谈阔论,3,3,
1903,下星期天,3,3,
1904,感激不尽,3,3,
1905,每（个）月,3,3,
1906,又……了,3,3,
1907,多快好省,3,3,
1908,苦心孤诣,3,3,
1909,在哪儿,3,3,
1910,吃不下饭,3,3,
1911,有时间,3,3,
1912,唉声叹气,3,3,
1913,一事无成,3,3,
1914,连,3,3,
1915,够朋友,3,3,
1916,可不,3,3,
1917,顺风,3,3,
1918,禁止入内,3,3,
1919,赏心悦目,3,3,
1920,交通堵塞,3,3,
1921,以……,3,3,
1922,感冒了,3,3,
1923,西装革履,3,3,
1924,搞错,3,3,
1925,重阳节,3,3,
1926,刷卡,3,3,
1927,听广播,3,3,
1928,娇生惯养,3,3,
1929,新华书店,3,3,
1930,承兑交单,3,3,
1931,虎背熊腰,3,3,
1932,文房四宝,3,3,
1933,三资企业,3,3,
1934,说到做到,3,3,
1935,发传真,3,3,
1936,身临其境,3,3,
1937,吃过,3,3,
1938,踢球,3,3,
1939,写错,3,3,
1940,细嚼慢咽,3,3,
1941,（一）些,3,3,
1942,赞叹不已,3,3,
1943,吃惯,3,3,
1944,改革开放政策,3,3,
1945,时,3,3,
1946,财迷心窍,3,3,
1947,旅行社,3,3,
1948,看不明白,3,3,
1949,听不出来,3,3,
1950,有时间的话,3,3,
1951,接二连三,3,3,
1952,哪怕……也……,3,3,
1953,酱爆青蟹,3,3,
1954,左思右想,3,3,
1955,……什么的,3,3,
1956,打破,3,3,
1957,挤上去,3,3,
1958,查资料,3,3,
1959,天无绝人之路,3,3,
1960,笑容满面,3,3,
1961,……点儿,3,3,
1962,很少,3,3,
1963,找到了,3,3,
1964,到头来,3,3,
1965,对外贸易,3,3,
1966,无地自容,3,3,
1967,抱歉,3,3,
1968,前仰后合,3,3,
1969,千差万别,3,3,
1970,无法,3,3,
1971,一瓶,3,3,
1972,庞然大物,3,3,
1973,历史博物馆,3,3,
1974,认真地,3,3,
1975,换工作,3,3,
1976,大减价,3,3,
1977,中文版,3,3,
1978,占便宜,3,3,
1979,义愤填膺,3,3,
1980,所有的,3,3,
1981,凉拌黄瓜,3,3,
1982,大吵大嚷,3,3,
1983,上厕所,3,3,
1984,上有天堂，下有苏杭,3,3,
1985,山珍海味,3,3,
1986,磁悬浮列车,3,3,
1987,空儿,3,3,
1988,晕晕乎乎,3,3,
1989,声色俱厉,3,3,
1990,能否,3,3,
1991,吸烟,3,3,
1992,热气腾腾,3,3,
1993,无独有偶,3,3,
1994,北京人,3,3,
1995,一天一夜,3,3,
1996,百花盛开,3,3,
1997,心心相印,3,3,
1998,恭喜恭喜,3,3,
1999,和……一样……,3,3,
2000,靠窗,3,3,
2001,连蹦带跳,3,3,
2002,肆无忌惮,3,3,
2003,什么人,3,3,
2004,养儿防老,3,3,
2005,开着,3,3,
2006,波澜壮阔,3,3,
2007,远道而来,3,3,
2008,形影不离,3,3,
2009,大忙人,3,3,
2010,空中,3,3,
2011,男朋友,3,3,
2012,掉下来,3,3,
2013,十天左右,3,3,
2014,风云变幻,3,3,
2015,夜里,3,3,
2016,人高马大,3,3,
2017,杞人忧天,3,3,
2018,韩语,3,3,
2019,饿肚子,3,3,
2020,有备无患,3,3,
2021,可以说,3,3,
2022,来自,3,3,
2023,是个,3,3,
2024,不对,3,3,
2025,看不到,3,3,
2026,放不下,3,3,
2027,快要~了,3,3,
2028,花言巧语,3,3,
2029,降水概率,3,3,
2030,落井下石,3,3,
2031,三国演义,3,3,
2032,向日葵,3,3,
2033,从,3,3,
2034,管……叫,3,3,
2035,盛情款待,3,3,
2036,宏观调控,3,3,
2037,被炒鱿鱼,3,3,
2038,别提,3,3,
2039,私家车,3,3,
2040,谢谢你,3,3,
2041,动荡不安,3,3,
2042,玩儿电脑游戏,3,3,
2043,名扬天下,3,3,
2044,……下,3,3,
2045,生产效率,3,3,
2046,吃苦耐劳,3,3,
2047,独家代理,3,3,
2048,一位,3,3,
2049,原来是这样,3,3,
2050,挂电话,3,3,
2051,说一声,3,3,
2052,三分之一,3,3,
2053,打折,3,3,
2054,多了起来,3,3,
2055,欢欣鼓舞,3,3,
2056,恭喜,3,3,
2057,犯错误,3,3,
2058,左……右……,3,3,
2059,走过去,3,3,
2060,昨天这个时候,3,3,
2061,第二个,3,3,
2062,冲锋陷阵,3,3,
2063,抽水马桶,3,3,
2064,还没（有）……呢,3,3,
2065,只不过,3,3,
2066,生鱼片,3,3,
2067,六点二十分,3,3,
2068,叫一声,3,3,
2069,对吧,3,3,
2070,孙子兵法,3,3,
2071,一窝蜂,3,3,
2072,天黑了,3,3,
2073,比比皆是,3,3,
2074,没法,3,3,
2075,最新,3,3,
2076,自……以来,3,3,
2077,超负荷,3,3,
2078,饮茶,3,3,
2079,地久天长,3,3,
2080,看上,3,3,
2081,给你钱,3,3,
2082,平等互利,3,3,
2083,我行我素,3,3,
2084,急事,3,3,
2085,不比,3,3,
2086,都是,3,3,
2087,这样吧,3,3,
2088,起早贪黑,3,3,
2089,靠不住,3,3,
2090,无论……都,3,3,
2091,有恃无恐,3,3,
2092,地大物博,3,3,
2093,农贸市场,3,3,
2094,喝西北风,3,3,
2095,低头不语,3,3,
2096,一统天下,3,3,
2097,服务台,3,3,
2098,坐地铁,3,3,
2099,心直口快,3,3,
2100,热线电话,3,3,
2101,生日晚会,3,3,
2102,寥寥无几,3,3,
2103,变成,3,3,
2104,先……然后……,3,3,
2105,边……边,3,3,
2106,星期日,3,3,
2107,签合同,3,3,
2108,全家人,3,3,
2109,红烧鱼,3,3,
2110,在线,3,3,
2111,海纳百川,3,3,
2112,喜笑颜开,3,3,
2113,清明节,3,3,
2114,取钱,3,3,
2115,无价之宝,3,3,
2116,意想不到,3,3,
2117,哪个大学,3,3,
2118,一点也不,3,3,
2119,话里带话,3,3,
2120,平安无事,3,3,
2121,不妨,3,3,
2122,风雨交加,3,3,
2123,上海菜,3,3,
2124,玩电脑游戏,3,3,
2125,很多,3,3,
2126,大祸临头,3,3,
2127,浓墨重彩,3,3,
2128,莫过于,3,3,
2129,写文章,3,3,
2130,做完,3,3,
2131,包罗万象,3,3,
2132,吹牛,3,3,
2133,说话,3,3,
2134,这（个）星期,3,3,
2135,吵吵嚷嚷,3,3,
2136,不管怎样,3,3,
2137,就是……也,3,3,
2138,过两天,3,3,
2139,有钱有势,3,3,
2140,讲话,3,3,
2141,团圆饭,3,3,
2142,供大于求,3,3,
2143,你家,3,3,
2144,说是……,3,3,
2145,异乎寻常,3,3,
2146,找着,3,3,
2147,跟……一块儿,3,3,
2148,四月,3,3,
2149,吃喝嫖赌,3,3,
2150,工作单位,3,3,
2151,一无所知,3,3,
2152,试表,3,3,
2153,还有,3,3,
2154,心安理得,3,3,
2155,敌不过,3,3,
2156,千奇百怪,3,3,
2157,借钱,3,3,
2158,人心惶惶,3,3,
2159,居安思危,3,3,
2160,敬酒,3,3,
2161,有礼貌,3,3,
2162,可,3,3,
2163,错不了,3,3,
2164,吃不来,3,3,
2165,少得可怜,3,3,
2166,回个电话,3,3,
2167,开诚布公,3,3,
2168,好久没见了,3,3,
2169,接下来,3,3,
2170,破口大骂,3,3,
2171,公事公办,3,3,
2172,你看……,3,3,
2173,带回来,3,3,
2174,……到,3,3,
2175,谢什么,3,3,
2176,三头六臂,3,3,
2177,朋友家,3,3,
2178,不住,3,3,
2179,做运动,3,3,
2180,差五分三点,3,3,
2181,等……再……,3,3,
2182,返老还童,3,3,
2183,急于求成,3,3,
2184,录音电话,3,3,
2185,退房,3,3,
2186,高血压,3,3,
2187,几分钟,3,3,
2188,那天,3,3,
2189,季节性,3,3,
2190,其乐融融,3,3,
2191,有兴趣,3,3,
2192,随着……,3,3,
2193,电子商务,3,3,
2194,发财,3,3,
2195,经不起,3,3,
2196,世界杯足球赛,3,3,
2197,暴饮暴食,3,3,
2198,绿色食品,3,3,
2199,慢慢,3,3,
2200,有精神,3,3,
2201,日本菜,3,3,
2202,浩浩荡荡,3,3,
2203,……住,3,3,
2204,不是……就是,3,3,
2205,无所适从,3,3,
2206,出毛病,3,3,
2207,不懂,3,3,
2208,开汽车,3,3,
2209,赶时间,3,3,
2210,不用了,3,3,
2211,故宫,3,3,
2212,新来,3,3,
2213,喝不来,3,3,
2214,就,3,3,
2215,听清楚,3,3,
2216,雄伟壮观,3,3,
2217,不禁,3,3,
2218,看得清楚,3,3,
2219,办公,3,3,
2220,与此同时,3,3,
2221,街上,3,3,
2222,八折,3,3,
2223,老,3,3,
2224,相对而言,3,3,
2225,铺天盖地,3,3,
2226,叫我,3,3,
2227,恐怖分子,3,3,
2228,从……来,3,3,
2229,一直走,3,3,
2230,胖乎乎,3,3,
2231,也,3,3,
2232,记住,3,3,
2233,糖醋里脊,3,3,
2234,十二点,3,3,
2235,没有时间,3,3,
2236,一般说,3,3,
2237,肚子痛,3,3,
2238,不得不……,3,3,
2239,决一死战,3,3,
2240,够得着,3,3,
2241,过一会儿,3,3,
2242,一回事,3,3,
2243,英文系,3,3,
2244,向……道歉,3,3,
2245,在……里,3,3,
2246,龙飞凤舞,3,3,
2247,名山大川,3,3,
2248,紧急出口,3,3,
2249,自由活动,3,3,
2250,不翼而飞,3,3,
2251,得了吧,3,3,
2252,标准间,3,3,
2253,功夫不负有心人,3,3,
2254,……的话……,3,3,
2255,买票,3,3,
2256,中国,3,3,
2257,看出来,3,3,
2258,打搅您了,3,3,
2259,不可阻挡,3,3,
2260,战国时代,3,3,
2261,行,3,3,
2262,是这样,3,3,
2263,不近人情,3,3,
2264,还是…吧,3,3,
2265,浓眉大眼,3,3,
2266,全球化,3,3,
2267,坚持到底,3,3,
2268,是嘛,3,3,
2269,干活儿,3,3,
2270,恰到好处,3,3,
2271,成双成对,3,3,
2272,天真烂漫,3,3,
2273,冻冰,3,3,
2274,女朋友,3,3,
2275,玫瑰花,3,3,
2276,不凑巧,3,3,
2277,……迷,3,3,
2278,怀恨在心,3,3,
2279,想得开,3,3,
2280,反败为胜,3,3,
2281,……起,3,3,
2282,就可以了,3,3,
2283,追星族,3,3,
2284,送货,3,3,
2285,我这儿,3,3,
2286,明日之星,3,3,
2287,交通规则,3,3,
2288,百家争鸣,3,3,
2289,韩币,3,3,
2290,百花齐放,3,3,
2291,……岁,3,3,
2292,万里无云,3,3,
2293,快~了,3,3,
2294,自动铅笔,3,3,
2295,三十分,3,3,
2296,和和气气,3,3,
2297,有说有笑,3,3,
2298,一本正经,3,3,
2299,搬家,3,3,
2300,丰功伟绩,3,3,
2301,各方面,3,3,
2302,说定了,3,3,
2303,吓了一大跳,3,3,
2304,盖房子,3,3,
2305,可怜天下父母心,3,3,
2306,稀世珍品,3,3,
2307,星期一,3,3,
2308,言过其实,3,3,
2309,随便,3,3,
2310,只要……,3,3,
2311,请多多指教,3,3,
2312,有的人,3,3,
2313,卖力气,3,3,
2314,环游世界,3,3,
2315,不清楚,3,3,
2316,讲故事,3,3,
2317,也许是,3,3,
2318,从一而终,3,3,
2319,太...了,3,3,
2320,走出去,3,3,
2321,不胜荣幸,3,3,
2322,被……,3,3,
2323,铁面无私,3,3,
2324,随身物品,3,3,
2325,香气扑鼻,3,3,
2326,吃醋,3,3,
2327,什么意思,3,3,
2328,出于,3,3,
2329,好家伙,3,3,
2330,法语,3,3,
2331,总该,3,3,
2332,七点三十五分,3,3,
2333,一干二净,3,3,
2334,品茶,3,3,
2335,结账,3,3,
2336,拍手叫好,3,3,
2337,摔了一跤,3,3,
2338,恭敬不如从命,3,3,
2339,天长地久,3,3,
2340,光脚,3,3,
2341,看得完,3,3,
2342,承受不住,3,3,
2343,……个星期,3,3,
2344,广东话,3,3,
2345,新婚旅行,3,3,
2346,块钱,3,3,
2347,没精打采,3,3,
2348,仅为,3,3,
2349,一手交钱，一手交货,3,3,
2350,无济于事,3,3,
2351,不相上下,3,3,
2352,值得……,3,3,
2353,为止,3,3,
2354,不瞒你说,3,3,
2355,停下来,3,3,
2356,向……问好,3,3,
2357,身心健康,3,3,
2358,……见,3,3,
2359,从头到尾,3,3,
2360,唱卡拉OK,3,3,
2361,打不通,3,3,
2362,道歉,3,3,
2363,不是东西,3,3,
2364,星期天,3,3,
2365,有空（儿）,3,3,
2366,不起,3,3,
2367,劝酒,3,3,
2368,受益匪浅,3,3,
2369,占优势,3,3,
2370,动不动,3,3,
2371,国内线,3,3,
2372,嗯,3,3,
2373,两点,3,3,
2374,小时候,3,3,
2375,自寻烦恼,3,3,
2376,办事,3,3,
2377,喘不过气来,3,3,
2378,改正过来,3,3,
2379,亭台楼阁,3,3,
2380,家庭用品,3,3,
2381,神清气爽,3,3,
2382,烫伤,3,3,
2383,要…了,3,3,
2384,中国通,3,3,
2385,触目伤怀,3,3,
2386,货真价实,3,3,
2387,俗话说,3,3,
2388,艰苦奋斗,3,3,
2389,请多指教,3,3,
2390,华而不实,3,3,
2391,存钱,3,3,
2392,几口,3,3,
2393,这（个）月,3,3,
2394,新华字典,3,3,
2395,身土不二,3,3,
2396,几年级,3,3,
2397,回头,3,3,
2398,当,3,3,
2399,人口众多,3,3,
2400,还用说,3,3,
2401,各行各业,3,3,
2402,万里长城,3,3,
2403,一路上,3,3,
2404,气喘吁吁,3,3,
2405,居高不下,3,3,
2406,以……为例,3,3,
2407,急不可耐,3,3,
2408,空腹,3,3,
2409,西风东渐,3,3,
2410,不屑一顾,3,3,
2411,全神贯注,3,3,
2412,每个,3,3,
2413,有缘千里来相会,3,3,
2414,冰天雪地,3,3,
2415,搞不清楚,3,3,
2416,字里行间,3,3,
2417,怎么能……呢？,3,3,
2418,加班,3,3,
2419,一两,3,3,
2420,水落石出,3,3,
2421,说不准,3,3,
2422,看不完,3,3,
2423,收回来,3,3,
2424,遇到,3,3,
2425,通货紧缩,3,3,
2426,百货公司,3,3,
2427,飞黄腾达,3,3,
2428,隐姓埋名,3,3,
2429,激光唱机,3,3,
2430,连…都,3,3,
2431,打台球,3,3,
2432,请留步,3,3,
2433,按兵不动,3,3,
2434,铃木,3,3,
2435,忙不过来,3,3,
2436,垃圾邮件,3,3,
2437,国际电话,3,3,
2438,怒火中烧,3,3,
2439,跟……有关系,3,3,
2440,有些,3,3,
2441,名扬四海,3,3,
2442,一亿,3,3,
2443,知足常乐,3,3,
2444,销售额,3,3,
2445,不仅……而且,3,3,
2446,工薪阶层,3,3,
2447,如果……,3,3,
2448,不许,3,3,
2449,使劲儿,3,3,
2450,显得,3,3,
2451,睡眠不足,3,3,
2452,……了,3,3,
2453,兵马俑,3,3,
2454,日语,3,3,
2455,进城,3,3,
2456,玩儿游戏,3,3,
2457,银行职员,3,3,
2458,过,3,3,
2459,素质教育,3,3,
2460,越来越～,3,3,
2461,尽收眼底,3,3,
2462,从…开始,3,3,
2463,七上八下,3,3,
2464,一不小心,3,3,
2465,很少……,3,3,
2466,下星期见,3,3,
2467,满天,3,3,
2468,在……中,3,3,
2469,放学,3,3,
2470,自作多情,3,3,
2471,说错,3,3,
2472,不太好,3,3,
2473,照相,3,3,
2474,不大,3,3,
2475,葡萄酒,3,3,
2476,抽时间,3,3,
2477,国计民生,3,3,
2478,步步高升,3,3,
2479,下决心,3,3,
2480,费尽心思,3,3,
2481,大错特错,3,3,
2482,不在,3,3,
2483,搞不懂,3,3,
2484,水火不容,3,3,
2485,抽空儿,3,3,
2486,善解人意,3,3,
2487,阿Q正传,3,3,
2488,做得完,3,3,
2489,人来人往,3,3,
2490,小弟弟,3,3,
2491,心满意足,3,3,
2492,全身无力,3,3,
2493,便利店,3,3,
2494,非~不可,3,3,
2495,有增无减,3,3,
2496,一切顺利,3,3,
2497,室内装潢,3,3,
2498,再会,3,3,
2499,入境登记卡,3,3,
2500,沸沸扬扬,2,4,
2501,届时,2,4,
2502,结缘,2,4,
2503,享清福,2,4,
2504,戴墨镜,2,4,
2505,为你,2,4,
2506,不知何时,2,4,
2507,皱眉头,2,4,
2508,看不成,2,4,
2509,怎么也……不,2,4,
2510,不可信,2,4,
2511,东边儿,2,4,
2512,锁好,2,4,
2513,一点点,2,4,
2514,行行出状元,2,4,
2515,九点五十分,2,4,
2516,退烧,2,4,
2517,办喜事,2,4,
2518,各有所好,2,4,
2519,炎热潮湿,2,4,
2520,显示出,2,4,
2521,跑丢,2,4,
2522,豪侠好义,2,4,
2523,漂白水儿,2,4,
2524,和……无关,2,4,
2525,高潮迭起,2,4,
2526,装饰品,2,4,
2527,数码影碟机,2,4,
2528,唠唠叨叨,2,4,
2529,跟…一起,2,4,
2530,期中,2,4,
2531,不愧是,2,4,
2532,找得到,2,4,
2533,胃口不好,2,4,
2534,敢说敢干,2,4,
2535,还…干什么,2,4,
2536,一厢情愿,2,4,
2537,心里,2,4,
2538,A与B之间,2,4,
2539,承认旧账,2,4,
2540,一掷千金,2,4,
2541,不知……,2,4,
2542,听录音,2,4,
2543,破帆,2,4,
2544,重礼谦和,2,4,
2545,一段时间,2,4,
2546,住宿登记表,2,4,
2547,刻不容缓,2,4,
2548,戴土改帽,2,4,
2549,贵宾卡,2,4,
2550,显示不出来,2,4,
2551,质文化变,2,4,
2552,一本书,2,4,
2553,双职工,2,4,
2554,揽茬儿,2,4,
2555,说大话,2,4,
2556,不寒而栗,2,4,
2557,合……口味,2,4,
2558,做主,2,4,
2559,以……著称的,2,4,
2560,晕船,2,4,
2561,天寒地冻,2,4,
2562,乘(车),2,4,
2563,天壤之别,2,4,
2564,称……为……,2,4,
2565,司空见惯,2,4,
2566,下……,2,4,
2567,莫须有,2,4,
2568,敝,2,4,
2569,批发价,2,4,
2570,五一劳动节,2,4,
2571,今儿（个）,2,4,
2572,标点符号,2,4,
2573,走得快,2,4,
2574,枝枝节节,2,4,
2575,韩国领事馆,2,4,
2576,为……而……,2,4,
2577,胳膊肘往里拐,2,4,
2578,认出来,2,4,
2579,支离破碎,2,4,
2580,离……远,2,4,
2581,非……莫属,2,4,
2582,后代子孙,2,4,
2583,蹦上去,2,4,
2584,抑扬顿挫,2,4,
2585,对联儿,2,4,
2586,隔三差五,2,4,
2587,……天,2,4,
2588,举起,2,4,
2589,今天早上,2,4,
2590,一种对台湾无能为力的悲哀,2,4,
2591,隔着玻璃,2,4,
2592,外资企业,2,4,
2593,再……就好呢,2,4,
2594,峰峦雄伟,2,4,
2595,悬崖绝壁,2,4,
2596,就行,2,4,
2597,迫不得已,2,4,
2598,把……视为犯规的,2,4,
2599,敢……,2,4,
2600,烦死了,2,4,
2601,形态各异,2,4,
2602,阿迪达斯,2,4,
2603,断井颓垣,2,4,
2604,来得……,2,4,
2605,虽……但……,2,4,
2606,另选高明,2,4,
2607,快要～了,2,4,
2608,进出口,2,4,
2609,有看头儿,2,4,
2610,还没有……呢,2,4,
2611,毕业典礼,2,4,
2612,送到,2,4,
2613,多媒体,2,4,
2614,中国银行,2,4,
2615,误人子弟,2,4,
2616,霓虹灯火,2,4,
2617,没法儿,2,4,
2618,摸不着头脑,2,4,
2619,一边……,2,4,
2620,格外用心,2,4,
2621,拿去,2,4,
2622,冰激凌,2,4,
2623,谈好了,2,4,
2624,破土典礼,2,4,
2625,则是,2,4,
2626,部分地区,2,4,
2627,爆玉米花,2,4,
2628,久盛不衰,2,4,
2629,在……,2,4,
2630,牵向北,2,4,
2631,恬静安逸,2,4,
2632,高高的,2,4,
2633,殖民统治,2,4,
2634,开始上课,2,4,
2635,下订单,2,4,
2636,碰急,2,4,
2637,在哪里,2,4,
2638,难死,2,4,
2639,下放劳改农场,2,4,
2640,元宵节,2,4,
2641,书城,2,4,
2642,数字化时代,2,4,
2643,相悦,2,4,
2644,属什么的,2,4,
2645,说一不二,2,4,
2646,看医生,2,4,
2647,称之为……,2,4,
2648,帮助你,2,4,
2649,手术模拟,2,4,
2650,忧心如焚,2,4,
2651,也在……吗,2,4,
2652,所住饭店,2,4,
2653,看见,2,4,
2654,洗车,2,4,
2655,英文报,2,4,
2656,做鬼脸,2,4,
2657,聊家常,2,4,
2658,挣开,2,4,
2659,笔尖儿,2,4,
2660,通红通红,2,4,
2661,从今天开始,2,4,
2662,倨屈聱牙,2,4,
2663,哪儿,2,4,
2664,又,2,4,
2665,随机抽样,2,4,
2666,附耳低言,2,4,
2667,皆大欢喜,2,4,
2668,转眼间,2,4,
2669,合作伙伴,2,4,
2670,一张一翕,2,4,
2671,税负优惠,2,4,
2672,展览会,2,4,
2673,到时,2,4,
2674,软卧,2,4,
2675,戴帽子,2,4,
2676,运用来……,2,4,
2677,下一个,2,4,
2678,营私舞弊,2,4,
2679,远远,2,4,
2680,找不着,2,4,
2681,大锅饭,2,4,
2682,金制装饰物,2,4,
2683,……时,2,4,
2684,比萨,2,4,
2685,国产的,2,4,
2686,地广人稀,2,4,
2687,大公无私,2,4,
2688,思来想去,2,4,
2689,六场通头,2,4,
2690,鉴定官室,2,4,
2691,把她引到,2,4,
2692,不由自主,2,4,
2693,不毛之地,2,4,
2694,跌价,2,4,
2695,说不上,2,4,
2696,见仁见智,2,4,
2697,送气音,2,4,
2698,出入境,2,4,
2699,学生证,2,4,
2700,画外音,2,4,
2701,两课多,2,4,
2702,急急忙忙地,2,4,
2703,放风筝,2,4,
2704,把……叫做,2,4,
2705,受伤,2,4,
2706,再不能……了,2,4,
2707,一连,2,4,
2708,会朋友,2,4,
2709,白发苍苍,2,4,
2710,燃眉之急,2,4,
2711,闹饥荒,2,4,
2712,吉祥如意,2,4,
2713,撞到,2,4,
2714,灰心丧气,2,4,
2715,爱莫能助,2,4,
2716,落实政策,2,4,
2717,轻点儿,2,4,
2718,高个子,2,4,
2719,得过且过,2,4,
2720,墙上,2,4,
2721,缺一不可,2,4,
2722,……坏了,2,4,
2723,把,2,4,
2724,井之头线,2,4,
2725,有权有势,2,4,
2726,读研究生,2,4,
2727,卫生纸,2,4,
2728,当之无愧,2,4,
2729,当面,2,4,
2730,背包袱,2,4,
2731,留职停薪,2,4,
2732,同心协力,2,4,
2733,浑身没劲儿,2,4,
2734,古老肉,2,4,
2735,侧耳,2,4,
2736,登机牌,2,4,
2737,跷二郎腿,2,4,
2738,出尔反尔,2,4,
2739,图形文件,2,4,
2740,自……起,2,4,
2741,请……为盼,2,4,
2742,交通阻塞,2,4,
2743,不亚于,2,4,
2744,这片儿,2,4,
2745,玩儿的,2,4,
2746,再也,2,4,
2747,旅游指南,2,4,
2748,对……作了深入的研究,2,4,
2749,耐克,2,4,
2750,透了,2,4,
2751,一蹴而就,2,4,
2752,送……去,2,4,
2753,心有余而力不足,2,4,
2754,与……有关,2,4,
2755,听信谗言,2,4,
2756,告诉我一声,2,4,
2757,这样做,2,4,
2758,好心好意,2,4,
2759,久经,2,4,
2760,打不开,2,4,
2761,来了,2,4,
2762,灵丹妙药,2,4,
2763,意大利面,2,4,
2764,龟步迟迟,2,4,
2765,腾云驾雾,2,4,
2766,老眼昏花,2,4,
2767,……中,2,4,
2768,從……的角度來看,2,4,
2769,力保不失,2,4,
2770,车挤,2,4,
2771,怪石嶙峋,2,4,
2772,移风易俗,2,4,
2773,让你久等了,2,4,
2774,非得……不可,2,4,
2775,喘不过起来,2,4,
2776,向……学习,2,4,
2777,移动通讯产业,2,4,
2778,洋为中用,2,4,
2779,终生难忘,2,4,
2780,瘦骨如柴,2,4,
2781,大弟弟,2,4,
2782,情人节,2,4,
2783,宫爆鸡丁,2,4,
2784,每逢佳节倍思亲,2,4,
2785,加床价格,2,4,
2786,吃得来,2,4,
2787,修好,2,4,
2788,刚,2,4,
2789,任重（而）道远,2,4,
2790,心乱如麻,2,4,
2791,百忙中,2,4,
2792,政治庇护,2,4,
2793,九五折,2,4,
2794,绕回来,2,4,
2795,不管……总,2,4,
2796,林,2,4,
2797,扫地出门,2,4,
2798,数得上,2,4,
2799,~，也,2,4,
2800,有时……有时,2,4,
2801,来不了,2,4,
2802,走进……办公室,2,4,
2803,知名度,2,4,
2804,下国际象棋,2,4,
2805,远走高飞,2,4,
2806,……又……,2,4,
2807,拖上来,2,4,
2808,价值连城,2,4,
2809,堆起的,2,4,
2810,辣子鸡丁,2,4,
2811,停电,2,4,
2812,参加考试,2,4,
2813,弹吉他,2,4,
2814,近几年,2,4,
2815,过境乘客,2,4,
2816,孑然一身,2,4,
2817,交通枢纽,2,4,
2818,多找,2,4,
2819,抚养成人,2,4,
2820,没赶上,2,4,
2821,现场演出,2,4,
2822,等等,2,4,
2823,虚拟世界,2,4,
2824,耳听为虚，眼见为实,2,4,
2825,大电子标牌,2,4,
2826,吃不完,2,4,
2827,也是个……,2,4,
2828,像……什么的,2,4,
2829,少是少了点,2,4,
2830,…极了…,2,4,
2831,来电话,2,4,
2832,一个接一个,2,4,
2833,登机手续,2,4,
2834,不醉不归,2,4,
2835,游来游去,2,4,
2836,观光胜地,2,4,
2837,地址不详,2,4,
2838,摩天大楼,2,4,
2839,水上乐园,2,4,
2840,下军令状,2,4,
2841,太……（了）,2,4,
2842,属羊,2,4,
2843,活到老，学到老,2,4,
2844,汽车销售,2,4,
2845,狗拿耗子多管闲事,2,4,
2846,从~到~,2,4,
2847,愣住,2,4,
2848,有轨电车,2,4,
2849,家务事,2,4,
2850,中号,2,4,
2851,低于……,2,4,
2852,美不胜收,2,4,
2853,德智体美,2,4,
2854,偷工减料,2,4,
2855,网上聊天儿,2,4,
2856,分数线,2,4,
2857,一直……到,2,4,
2858,为人恶毒,2,4,
2859,义不容辞,2,4,
2860,请原谅,2,4,
2861,颤抖不止,2,4,
2862,所幸,2,4,
2863,火车站,2,4,
2864,时运交移,2,4,
2865,远亲不如近邻,2,4,
2866,芒刺在背,2,4,
2867,忘在,2,4,
2868,属猪,2,4,
2869,政府机关,2,4,
2870,检索服务,2,4,
2871,手机租赁,2,4,
2872,9折优待,2,4,
2873,也还不能说,2,4,
2874,甜言蜜语,2,4,
2875,轻如鸿毛,2,4,
2876,跟……似的,2,4,
2877,说详细点儿,2,4,
2878,办公软件,2,4,
2879,长成,2,4,
2880,电话磁卡,2,4,
2881,对得住,2,4,
2882,两下儿,2,4,
2883,挂号,2,4,
2884,有点道理,2,4,
2885,以快制慢,2,4,
2886,星球大战,2,4,
2887,又不是,2,4,
2888,轧姘头,2,4,
2889,为人宽厚,2,4,
2890,过得去,2,4,
2891,不断纠缠,2,4,
2892,吸尘器,2,4,
2893,挖空心思,2,4,
2894,查出来,2,4,
2895,激励机制,2,4,
2896,晴空万里,2,4,
2897,独门独院,2,4,
2898,……的,2,4,
2899,合家,2,4,
2900,矛盾重重,2,4,
2901,三民主义,2,4,
2902,APEC,2,4,
2903,下星期一,2,4,
2904,公学校,2,4,
2905,除夕守夜,2,4,
2906,韩国综合贸易中心,2,4,
2907,四方块儿,2,4,
2908,下起来了,2,4,
2909,千辛万苦,2,4,
2910,鬈头发,2,4,
2911,些,2,4,
2912,爬不上去,2,4,
2913,倒大霉,2,4,
2914,有课,2,4,
2915,搞错了,2,4,
2916,试一下,2,4,
2917,人见人爱,2,4,
2918,伙食费,2,4,
2919,半版,2,4,
2920,不很,2,4,
2921,不好了,2,4,
2922,民族文化心态,2,4,
2923,就……吧,2,4,
2924,不仅……还,2,4,
2925,满头,2,4,
2926,很累,2,4,
2927,入境问俗,2,4,
2928,弄邪的,2,4,
2929,还是……好,2,4,
2930,没（有）,2,4,
2931,袖手旁观,2,4,
2932,五点,2,4,
2933,才貌双全,2,4,
2934,壬辰倭乱,2,4,
2935,摇摆不定,2,4,
2936,九牛一毛,2,4,
2937,文庙祭享,2,4,
2938,华侨子弟,2,4,
2939,组成,2,4,
2940,崇山峻岭中,2,4,
2941,跳上车,2,4,
2942,比起…来说,2,4,
2943,培养出,2,4,
2944,稍见停歇,2,4,
2945,威风凛凛,2,4,
2946,人多,2,4,
2947,勤学苦练,2,4,
2948,席地盘腿,2,4,
2949,星期,2,4,
2950,还不行,2,4,
2951,驴年马月,2,4,
2952,设身处地,2,4,
2953,想好,2,4,
2954,着什么急,2,4,
2955,兼容性,2,4,
2956,有色金属,2,4,
2957,拉二胡,2,4,
2958,南甜北咸东辣西酸,2,4,
2959,刮台风,2,4,
2960,雪白雪白,2,4,
2961,几层,2,4,
2962,政治决定的做出,2,4,
2963,再也……,2,4,
2964,统一天下,2,4,
2965,敬烟,2,4,
2966,对口味,2,4,
2967,……清楚,2,4,
2968,十四个百分点,2,4,
2969,投机牟利,2,4,
2970,文化大革命,2,4,
2971,一年之内,2,4,
2972,（是）…的,2,4,
2973,预料中事,2,4,
2974,控股权,2,4,
2975,坐立不安,2,4,
2976,没有……了,2,4,
2977,一边…一边,2,4,
2978,清清楚楚地,2,4,
2979,生死存亡,2,4,
2980,第一课,2,4,
2981,货币政策,2,4,
2982,活期存款,2,4,
2983,炸酱面,2,4,
2984,兑换率,2,4,
2985,雷阵雨,2,4,
2986,中日,2,4,
2987,如是说,2,4,
2988,狐假虎威,2,4,
2989,有位先生请她去……,2,4,
2990,魅力惊人,2,4,
2991,洽谈会,2,4,
2992,到海外投资,2,4,
2993,只不过……呢,2,4,
2994,猜着,2,4,
2995,有的……有的……,2,4,
2996,惹得,2,4,
2997,英国人,2,4,
2998,饥肠辘辘,2,4,
2999,选为,2,4,
3000,瘦瘦的,2,4,
3001,顾虑重重,2,4,
3002,发展前景,2,4,
3003,实况节目录制,2,4,
3004,过奖过奖,2,4,
3005,安打,2,4,
3006,沾……光,2,4,
3007,忍气吞声,2,4,
3008,荣华富贵,2,4,
3009,生牛肉片,2,4,
3010,并没有,2,4,
3011,慢吞吞,2,4,
3012,好莱坞,2,4,
3013,寄宿制,2,4,
3014,机毁人亡,2,4,
3015,不虚传,2,4,
3016,一饱眼福,2,4,
3017,大惊失色,2,4,
3018,记在,2,4,
3019,光顾,2,4,
3020,外长会议,2,4,
3021,（给某人）添麻烦,2,4,
3022,不论,2,4,
3023,你朋友,2,4,
3024,所……的,2,4,
3025,查词典,2,4,
3026,纳闷儿,2,4,
3027,自选商场,2,4,
3028,颐和园,2,4,
3029,妙哉,2,4,
3030,鼾声如雷,2,4,
3031,有法不依,2,4,
3032,出问题,2,4,
3033,以……为荣,2,4,
3034,所到之处,2,4,
3035,打水,2,4,
3036,开门,2,4,
3037,……面,2,4,
3038,打耳光,2,4,
3039,人民大会堂,2,4,
3040,年富力强,2,4,
3041,睡一觉,2,4,
3042,举例子,2,4,
3043,不要说……,2,4,
3044,挥洒自如,2,4,
3045,语言不通,2,4,
3046,打扰您了,2,4,
3047,焦头烂额,2,4,
3048,起个大早,2,4,
3049,何时,2,4,
3050,过于……,2,4,
3051,理肺,2,4,
3052,市政府,2,4,
3053,信得过,2,4,
3054,速战速决,2,4,
3055,流传至今,2,4,
3056,跟着,2,4,
3057,存储介质,2,4,
3058,忙得过来,2,4,
3059,没能,2,4,
3060,擦伤,2,4,
3061,对……充满信心,2,4,
3062,上海人,2,4,
3063,搭把手,2,4,
3064,摔下来,2,4,
3065,干不了,2,4,
3066,好主意,2,4,
3067,被钉死,2,4,
3068,发电子邮件,2,4,
3069,让利商店,2,4,
3070,诉诸……,2,4,
3071,慢,2,4,
3072,谈得上,2,4,
3073,两手空空,2,4,
3074,空调大巴,2,4,
3075,沧海桑田,2,4,
3076,唱主角,2,4,
3077,老长,2,4,
3078,洗手间,2,4,
3079,租房子,2,4,
3080,镶有,2,4,
3081,新课,2,4,
3082,戴上,2,4,
3083,其中,2,4,
3084,用不上,2,4,
3085,在……底下,2,4,
3086,山水松石,2,4,
3087,水土不服,2,4,
3088,买不上,2,4,
3089,向前,2,4,
3090,要……就必须……,2,4,
3091,闪光溢彩,2,4,
3092,绿色消费,2,4,
3093,英语老师,2,4,
3094,几时,2,4,
3095,必胜客,2,4,
3096,死灰复燃,2,4,
3097,贪生怕死,2,4,
3098,慢慢地,2,4,
3099,来得早,2,4,
3100,党的十一届三中全会,2,4,
3101,一口吃成胖子,2,4,
3102,正好,2,4,
3103,比如,2,4,
3104,在看电视,2,4,
3105,在线交易,2,4,
3106,终身伴侣,2,4,
3107,播出费,2,4,
3108,西边儿,2,4,
3109,驾驶证,2,4,
3110,众人皆知,2,4,
3111,令人,2,4,
3112,还……呢,2,4,
3113,收电子邮件,2,4,
3114,晚睡早起,2,4,
3115,矢志弥坚,2,4,
3116,花花公子,2,4,
3117,相仿,2,4,
3118,财粮丰裕,2,4,
3119,四室两厅两卫,2,4,
3120,我也付了,2,4,
3121,似的,2,4,
3122,打对折,2,4,
3123,得,2,4,
3124,泡温泉,2,4,
3125,栗谷李珥,2,4,
3126,用人单位,2,4,
3127,化淡妆,2,4,
3128,两个文明一起抓,2,4,
3129,闻风丧胆,2,4,
3130,调上来,2,4,
3131,说完,2,4,
3132,以……來,2,4,
3133,截止,2,4,
3134,翻跟头,2,4,
3135,我来,2,4,
3136,数以千计,2,4,
3137,抖擞精神,2,4,
3138,整容行业,2,4,
3139,挺好,2,4,
3140,跟……并无关系,2,4,
3141,植树造林,2,4,
3142,保留下,2,4,
3143,再……也……,2,4,
3144,便宜的,2,4,
3145,即可,2,4,
3146,新年快乐,2,4,
3147,大汗淋漓,2,4,
3148,上月,2,4,
3149,各地,2,4,
3150,举世罕见,2,4,
3151,沏茶,2,4,
3152,长途汽车,2,4,
3153,过夜,2,4,
3154,玩游戏,2,4,
3155,相对于……来说,2,4,
3156,融为一体,2,4,
3157,一声没吱,2,4,
3158,另议,2,4,
3159,一丝,2,4,
3160,世界屋脊,2,4,
3161,敲门儿,2,4,
3162,看错,2,4,
3163,课后,2,4,
3164,不可磨灭,2,4,
3165,新天地,2,4,
3166,这一带,2,4,
3167,压绳袭游戏,2,4,
3168,不就……吗？,2,4,
3169,穿不了,2,4,
3170,没有人……,2,4,
3171,势倾朝野,2,4,
3172,你好！,2,4,
3173,几个小时,2,4,
3174,……的是……,2,4,
3175,囊中羞涩,2,4,
3176,丢不了,2,4,
3177,辣的,2,4,
3178,腰酸背疼,2,4,
3179,再说一遍,2,4,
3180,成把的,2,4,
3181,辣椒酱,2,4,
3182,一百元,2,4,
3183,掌声雷动,2,4,
3184,骑马,2,4,
3185,咖啡厅,2,4,
3186,一封信,2,4,
3187,就像……那样,2,4,
3188,不……不,2,4,
3189,同学们好,2,4,
3190,环保,2,4,
3191,太客气了,2,4,
3192,有人吗,2,4,
3193,中等教育以上,2,4,
3194,喊声震天,2,4,
3195,带回去,2,4,
3196,嫁出去,2,4,
3197,叫早,2,4,
3198,互教互学,2,4,
3199,没招儿,2,4,
3200,许许多多,2,4,
3201,没错（儿）,2,4,
3202,白,2,4,
3203,一炮走红,2,4,
3204,牛鬼蛇神,2,4,
3205,世界贸易组织,2,4,
3206,想出来,2,4,
3207,敬启,2,4,
3208,你叫什么名字,2,4,
3209,必定……,2,4,
3210,沾光,2,4,
3211,熟读能诵,2,4,
3212,挤不出,2,4,
3213,一定的,2,4,
3214,营业执照,2,4,
3215,更上一层楼,2,4,
3216,电话费,2,4,
3217,玩电子游戏,2,4,
3218,糟糕,2,4,
3219,这月,2,4,
3220,何所营,2,4,
3221,老字号,2,4,
3222,软绵绵,2,4,
3223,学会,2,4,
3224,四点二十五,2,4,
3225,硬卧,2,4,
3226,以德报怨,2,4,
3227,驴打滚儿,2,4,
3228,你挤了我我碰了你,2,4,
3229,慌张无措,2,4,
3230,美其名,2,4,
3231,深如自家,2,4,
3232,博物馆,2,4,
3233,跟…有关系,2,4,
3234,为限,2,4,
3235,时候儿,2,4,
3236,一蹶不振,2,4,
3237,自以为,2,4,
3238,无罪开释,2,4,
3239,难言,2,4,
3240,明明白白,2,4,
3241,不用客气,2,4,
3242,数位化,2,4,
3243,留胡子,2,4,
3244,私营企业,2,4,
3245,繁殖材料,2,4,
3246,三十分钟,2,4,
3247,出生的,2,4,
3248,站得住脚,2,4,
3249,示意且慢,2,4,
3250,与日俱增,2,4,
3251,痒,2,4,
3252,泰山,2,4,
3253,负责人,2,4,
3254,画勾,2,4,
3255,对……而言,2,4,
3256,画唇线,2,4,
3257,为,2,4,
3258,请问一下,2,4,
3259,把A写入B,2,4,
3260,将计就计,2,4,
3261,喝下肚,2,4,
3262,并拢,2,4,
3263,狗仗人势,2,4,
3264,无休止,2,4,
3265,东西,2,4,
3266,仅次于,2,4,
3267,之际,2,4,
3268,怪里怪气,2,4,
3269,敲诈勒索,2,4,
3270,好久没见,2,4,
3271,买空卖空,2,4,
3272,从此以后,2,4,
3273,爬上去,2,4,
3274,定出来,2,4,
3275,大打折扣,2,4,
3276,马拉松,2,4,
3277,口干舌燥,2,4,
3278,擦光,2,4,
3279,权宜之计,2,4,
3280,天花乱坠,2,4,
3281,对~感兴趣,2,4,
3282,指指点点,2,4,
3283,视乎,2,4,
3284,看报纸,2,4,
3285,托……的福,2,4,
3286,掉得……,2,4,
3287,照X光,2,4,
3288,请假条儿,2,4,
3289,合口,2,4,
3290,一路下跌,2,4,
3291,没面子,2,4,
3292,不屈不挠,2,4,
3293,倒着走,2,4,
3294,锁上,2,4,
3295,糖醋鱼,2,4,
3296,八点四十分,2,4,
3297,连……也/都,2,4,
3298,炒青菜,2,4,
3299,难得,2,4,
3300,一概而论,2,4,
3301,浸透着,2,4,
3302,这样,2,4,
3303,百科全书,2,4,
3304,免不了……,2,4,
3305,轻薄儿郎,2,4,
3306,对水,2,4,
3307,没辙,2,4,
3308,压坏,2,4,
3309,名正言顺,2,4,
3310,算是,2,4,
3311,康乃馨,2,4,
3312,供过于求,2,4,
3313,小菜一碟,2,4,
3314,做得好,2,4,
3315,青松翠柏,2,4,
3316,闯祸,2,4,
3317,以便于,2,4,
3318,庸庸碌碌,2,4,
3319,对吗,2,4,
3320,一夜,2,4,
3321,他来的时候,2,4,
3322,激烈的摩擦,2,4,
3323,可比价格,2,4,
3324,做笔记,2,4,
3325,那……,2,4,
3326,一个一个地,2,4,
3327,放东西,2,4,
3328,风调雨顺,2,4,
3329,体现出,2,4,
3330,香菇菜心,2,4,
3331,平方公里,2,4,
3332,准备就绪,2,4,
3333,不必客气,2,4,
3334,几楼,2,4,
3335,一天半,2,4,
3336,打八折,2,4,
3337,免费邮箱服务,2,4,
3338,一台,2,4,
3339,隔（一）段时间,2,4,
3340,吃着,2,4,
3341,打破记录,2,4,
3342,不言自明,2,4,
3343,自鸣得意,2,4,
3344,热火朝天,2,4,
3345,除了……（以外）,2,4,
3346,拥挤着,2,4,
3347,能……吗,2,4,
3348,选择了……作为……,2,4,
3349,精明强干,2,4,
3350,三年了,2,4,
3351,不但,2,4,
3352,有什么,2,4,
3353,趁着,2,4,
3354,快（要）……了,2,4,
3355,棒球比赛,2,4,
3356,你们的,2,4,
3357,不劳而获,2,4,
3358,红花,2,4,
3359,可见一斑,2,4,
3360,官官相护,2,4,
3361,所得税,2,4,
3362,世界上,2,4,
3363,翡翠欲滴,2,4,
3364,滑冰,2,4,
3365,对……不满,2,4,
3366,功在千秋,2,4,
3367,若是……那么……,2,4,
3368,多亏,2,4,
3369,惟妙惟肖,2,4,
3370,男的,2,4,
3371,扎针,2,4,
3372,左右为难,2,4,
3373,高耸入云,2,4,
3374,曾……過,2,4,
3375,怕站,2,4,
3376,突如其来,2,4,
3377,男尊女卑,2,4,
3378,病入膏肓,2,4,
3379,严师出高徒,2,4,
3380,毛遂自荐,2,4,
3381,盛饭上菜,2,4,
3382,~天,2,4,
3383,~什么的,2,4,
3384,不同寻常,2,4,
3385,金融机构,2,4,
3386,欢迎你,2,4,
3387,天涯何处无芳草,2,4,
3388,好几,2,4,
3389,昨天晚上,2,4,
3390,别～了,2,4,
3391,一箭双雕,2,4,
3392,碧空万里,2,4,
3393,阿拉伯语,2,4,
3394,良辰美景,2,4,
3395,截然不同,2,4,
3396,让你……了,2,4,
3397,鬼地方,2,4,
3398,不带劲,2,4,
3399,着……呢,2,4,
3400,天黑,2,4,
3401,在所难免,2,4,
3402,高,2,4,
3403,日中,2,4,
3404,才子佳人,2,4,
3405,早日,2,4,
3406,正,2,4,
3407,植树节,2,4,
3408,蔚为奇观,2,4,
3409,总,2,4,
3410,搬到,2,4,
3411,高高兴兴地,2,4,
3412,在波特先生这里,2,4,
3413,生产据点,2,4,
3414,参观游人,2,4,
3415,华清池,2,4,
3416,惜不得,2,4,
3417,致富,2,4,
3418,默默相守,2,4,
3419,从来,2,4,
3420,开饭,2,4,
3421,致力于,2,4,
3422,布置作业,2,4,
3423,恶言相骂,2,4,
3424,拿定主意,2,4,
3425,劝……与我家划清界线,2,4,
3426,全国体育大会,2,4,
3427,不可错过,2,4,
3428,中华人民共和国,2,4,
3429,虽然……可是……,2,4,
3430,清清楚楚,2,4,
3431,动作游戏,2,4,
3432,一项,2,4,
3433,念大学,2,4,
3434,上的是……,2,4,
3435,死气沉沉,2,4,
3436,半年的工作,2,4,
3437,擦地,2,4,
3438,半年,2,4,
3439,下一步,2,4,
3440,一文不名,2,4,
3441,闻出来,2,4,
3442,即使……也……,2,4,
3443,被划为,2,4,
3444,龇牙咧嘴,2,4,
3445,温室效应,2,4,
3446,犯法,2,4,
3447,一大早,2,4,
3448,繁华喧闹,2,4,
3449,按计而行,2,4,
3450,由于……所以……,2,4,
3451,上哪儿,2,4,
3452,做恶梦,2,4,
3453,恨得……,2,4,
3454,销售网点,2,4,
3455,怎么样？,2,4,
3456,蒙古族,2,4,
3457,乘风破浪,2,4,
3458,大有作为,2,4,
3459,景色奇异,2,4,
3460,洗澡,2,4,
3461,普洱茶,2,4,
3462,谈天说地,2,4,
3463,三天两夜,2,4,
3464,久负盛名,2,4,
3465,当……时……,2,4,
3466,远在天边，近在眼前,2,4,
3467,给……看,2,4,
3468,浑身打战,2,4,
3469,有板有眼,2,4,
3470,虽……却……,2,4,
3471,积习深重,2,4,
3472,九岁,2,4,
3473,三读,2,4,
3474,一道,2,4,
3475,说一遍,2,4,
3476,动不了,2,4,
3477,社会保障,2,4,
3478,所见所闻,2,4,
3479,外汇买卖法,2,4,
3480,托你的福,2,4,
3481,靠墙,2,4,
3482,戒网,2,4,
3483,不送气音,2,4,
3484,大功告成,2,4,
3485,咱俩,2,4,
3486,看你,2,4,
3487,本本,2,4,
3488,既然…就…,2,4,
3489,比……更加……,2,4,
3490,家乐福,2,4,
3491,独具特色,2,4,
3492,甜蜜蜜,2,4,
3493,那么,2,4,
3494,改为,2,4,
3495,当……面,2,4,
3496,翻两番,2,4,
3497,无人顾及,2,4,
3498,趋吉避凶,2,4,
3499,撞伤,2,4,
3500,不得人心,2,4,
3501,投洽会,2,4,
3502,无风不起浪,2,4,
3503,出口额,2,4,
3504,出双入对,2,4,
3505,欢迎再来,2,4,
3506,……多,2,4,
3507,阴阳和谐,2,4,
3508,垃圾食品,2,4,
3509,落汤鸡,2,4,
3510,被弑身亡,2,4,
3511,被,2,4,
3512,按……,2,4,
3513,金钱玉帛,2,4,
3514,相似,2,4,
3515,嘀嘀咕咕,2,4,
3516,挣钱,2,4,
3517,见不着,2,4,
3518,对……的看法,2,4,
3519,弓形,2,4,
3520,高等教育,2,4,
3521,无所不在,2,4,
3522,老是,2,4,
3523,全靠,2,4,
3524,对面儿,2,4,
3525,上梁不正下梁歪,2,4,
3526,吃蛋糕,2,4,
3527,还不,2,4,
3528,像……这样,2,4,
3529,脾气大,2,4,
3530,（有）多远？,2,4,
3531,打肿脸充胖子,2,4,
3532,声音文件,2,4,
3533,毫无,2,4,
3534,性骚扰,2,4,
3535,人民公社,2,4,
3536,赔不起,2,4,
3537,吃豆腐,2,4,
3538,像……那样,2,4,
3539,闻着,2,4,
3540,打毛衣,2,4,
3541,大可不必,2,4,
3542,非得,2,4,
3543,劲儿,2,4,
3544,从何而来,2,4,
3545,狼狈为奸,2,4,
3546,驰名中外,2,4,
3547,肩扛,2,4,
3548,就在……,2,4,
3549,退兵之计,2,4,
3550,幅员辽阔,2,4,
3551,住的,2,4,
3552,男主外，女主内,2,4,
3553,还……就……,2,4,
3554,军事补给,2,4,
3555,很长时间,2,4,
3556,把门儿的,2,4,
3557,带好头,2,4,
3558,走了,2,4,
3559,想不起,2,4,
3560,回味无穷,2,4,
3561,真不愧是……,2,4,
3562,重新,2,4,
3563,悠悠阔步,2,4,
3564,凌空而起,2,4,
3565,比…还…,2,4,
3566,不僅……而且……,2,4,
3567,别有洞天,2,4,
3568,云雾迷蒙,2,4,
3569,南辕北辙,2,4,
3570,剪指甲,2,4,
3571,一动不动,2,4,
3572,好事多磨,2,4,
3573,多样化,2,4,
3574,高枕无忧,2,4,
3575,超市里,2,4,
3576,风险投资,2,4,
3577,十分钟,2,4,
3578,盗版,2,4,
3579,熟人,2,4,
3580,今年,2,4,
3581,西湖龙井,2,4,
3582,兜圈子,2,4,
3583,不会吧,2,4,
3584,出事儿,2,4,
3585,看得清,2,4,
3586,接踵而至,2,4,
3587,生吃的,2,4,
3588,国家教委重点课题“中学生语文水平标准研究及标准量化表的编制,2,4,
3589,吃苦头,2,4,
3590,诚心实意,2,4,
3591,头班车,2,4,
3592,酒香不怕巷子深,2,4,
3593,闹误会,2,4,
3594,什么……吗,2,4,
3595,始建于,2,4,
3596,贪得无厌,2,4,
3597,个体经营,2,4,
3598,……就……,2,4,
3599,长幼有序,2,4,
3600,一眼,2,4,
3601,信心百倍,2,4,
3602,人人,2,4,
3603,足球比赛,2,4,
3604,走进……,2,4,
3605,下工夫,2,4,
3606,剥皮,2,4,
3607,三明治,2,4,
3608,来得了,2,4,
3609,投身股市,2,4,
3610,大范围,2,4,
3611,也有……,2,4,
3612,喜马拉雅山,2,4,
3613,三教九流,2,4,
3614,唐朝,2,4,
3615,砖砌的,2,4,
3616,攀登着,2,4,
3617,人情味儿,2,4,
3618,好点儿了,2,4,
3619,越下越,2,4,
3620,天南地北,2,4,
3621,单点,2,4,
3622,没有……,2,4,
3623,究竟是……还是……,2,4,
3624,重点高中,2,4,
3625,碰钉子,2,4,
3626,氧气面罩,2,4,
3627,是……画的,2,4,
3628,什么名字,2,4,
3629,光是,2,4,
3630,这下子,2,4,
3631,不行了,2,4,
3632,去过,2,4,
3633,不用……,2,4,
3634,不准,2,4,
3635,闲人免进,2,4,
3636,唱不好,2,4,
3637,故意,2,4,
3638,触及灵魂,2,4,
3639,星罗棋布,2,4,
3640,把A规定为B,2,4,
3641,心中暗喜,2,4,
3642,身高体壮,2,4,
3643,念错,2,4,
3644,~不了,2,4,
3645,自我……,2,4,
3646,衣食住行,2,4,
3647,炒饭,2,4,
3648,上保险,2,4,
3649,交头接耳,2,4,
3650,比邻而居,2,4,
3651,住不起,2,4,
3652,威士忌,2,4,
3653,还贷,2,4,
3654,举国欢庆,2,4,
3655,交给……,2,4,
3656,高层建筑,2,4,
3657,报考,2,4,
3658,在……中间,2,4,
3659,奔走相告,2,4,
3660,很抱歉,2,4,
3661,从～到～,2,4,
3662,打保龄球,2,4,
3663,立体音响,2,4,
3664,—极了,2,4,
3665,接我,2,4,
3666,虽然如此,2,4,
3667,欢送会,2,4,
3668,心烦意乱,2,4,
3669,焚烧国旗,2,4,
3670,打算,2,4,
3671,宾至如归,2,4,
3672,无话可说,2,4,
3673,正人君子,2,4,
3674,是……吧,2,4,
3675,信心十足,2,4,
3676,两成,2,4,
3677,日夜开张,2,4,
3678,先……再说,2,4,
3679,关机,2,4,
3680,恼羞成怒,2,4,
3681,处于……阶段,2,4,
3682,我就是,2,4,
3683,也……也,2,4,
3684,四个,2,4,
3685,一半儿,2,4,
3686,下饭,2,4,
3687,放在,2,4,
3688,北京师范大学,2,4,
3689,让她,2,4,
3690,一筹莫展,2,4,
3691,不速之客,2,4,
3692,……出去,2,4,
3693,衣冠不整,2,4,
3694,当仁不让,2,4,
3695,循循善诱,2,4,
3696,微波炉,2,4,
3697,抓起来,2,4,
3698,出口退税,2,4,
3699,深不可测,2,4,
3700,没了,2,4,
3701,没有胃口,2,4,
3702,深恶痛绝,2,4,
3703,养生之道,2,4,
3704,像这样,2,4,
3705,两层楼房,2,4,
3706,兑换处,2,4,
3707,从古到今,2,4,
3708,官运亨通,2,4,
3709,~多了,2,4,
3710,旧制度的中学、高等学校,2,4,
3711,不拘小节,2,4,
3712,用坏,2,4,
3713,胖脸蛋,2,4,
3714,微软,2,4,
3715,渡过难关,2,4,
3716,事与愿违,2,4,
3717,爬得上去,2,4,
3718,望而却步,2,4,
3719,可有可无,2,4,
3720,招摇撞骗,2,4,
3721,深色的,2,4,
3722,不久便,2,4,
3723,问一下,2,4,
3724,至关重要,2,4,
3725,明信片,2,4,
3726,大学生,2,4,
3727,一圈儿,2,4,
3728,断断续续,2,4,
3729,耳濡目染,2,4,
3730,……去,2,4,
3731,那+[量詞],2,4,
3732,欢蹦乱跳,2,4,
3733,把A比作B,2,4,
3734,非常感谢,2,4,
3735,缺课,2,4,
3736,陡峭崎岖,2,4,
3737,打高尔夫,2,4,
3738,你来我往,2,4,
3739,象…一样,2,4,
3740,不论……都……,2,4,
3741,约法三章,2,4,
3742,很忙,2,4,
3743,哪能……呢,2,4,
3744,涉外经济合同法,2,4,
3745,想不开,2,4,
3746,向右拐,2,4,
3747,心平气和,2,4,
3748,哎呀,2,4,
3749,打（电话）,2,4,
3750,溪水流淌,2,4,
3751,蒙……恩惠,2,4,
3752,篡位夺权,2,4,
3753,奋斗出来,2,4,
3754,年轻的时候,2,4,
3755,远在……之前,2,4,
3756,想,2,4,
3757,和谐相处,2,4,
3758,说曹操，曹操就到,2,4,
3759,杂样儿,2,4,
3760,两性平等,2,4,
3761,行云流水,2,4,
3762,课堂上,2,4,
3763,外汇窗口,2,4,
3764,晚了,2,4,
3765,高保真,2,4,
3766,就要~了,2,4,
3767,百问不烦,2,4,
3768,发音,2,4,
3769,特别喜欢,2,4,
3770,能歌善舞,2,4,
3771,遍地开花,2,4,
3772,说得过去,2,4,
3773,喝得来,2,4,
3774,大男子主义,2,4,
3775,没有一个学生……,2,4,
3776,辛勤劳苦,2,4,
3777,热衷于,2,4,
3778,飘飘欲仙,2,4,
3779,据悉,2,4,
3780,结结巴巴,2,4,
3781,脑子好使,2,4,
3782,好看,2,4,
3783,《霸王别姬》,2,4,
3784,糖醋肉,2,4,
3785,赶得上,2,4,
3786,景泰蓝,2,4,
3787,盯住不放,2,4,
3788,别……（了）,2,4,
3789,事倍功半,2,4,
3790,拜A为师,2,4,
3791,学生活动中心,2,4,
3792,海鲜汤,2,4,
3793,性情相投,2,4,
3794,名瓷器,2,4,
3795,回锅肉,2,4,
3796,重合同，守信用,2,4,
3797,登高远望,2,4,
3798,气势雄伟,2,4,
3799,瞪大眼睛,2,4,
3800,打碎,2,4,
3801,《二泉映月》,2,4,
3802,那是,2,4,
3803,生机勃勃,2,4,
3804,无出局,2,4,
3805,丁克家庭,2,4,
3806,有福气,2,4,
3807,衣服、皮鞋和学习工具,2,4,
3808,过路人,2,4,
3809,……之类,2,4,
3810,热腾腾,2,4,
3811,孤零零,2,4,
3812,老朋友,2,4,
3813,售货员,2,4,
3814,总的,2,4,
3815,累死我了,2,4,
3816,韩国菜,2,4,
3817,免贵,2,4,
3818,深表谢意,2,4,
3819,街里街坊,2,4,
3820,都,2,4,
3821,顶风冒雪,2,4,
3822,把……当作,2,4,
3823,海量,2,4,
3824,结构调整,2,4,
3825,赶快,2,4,
3826,无病无灾,2,4,
3827,用餐,2,4,
3828,晴间多云,2,4,
3829,走亲戚,2,4,
3830,旗鼓相当,2,4,
3831,家破人亡,2,4,
3832,执行不了,2,4,
3833,掌管大权,2,4,
3834,喊加油,2,4,
3835,在...上,2,4,
3836,可喜可贺,2,4,
3837,大街上,2,4,
3838,坐了下来,2,4,
3839,以……为主题,2,4,
3840,安全合作,2,4,
3841,可见,2,4,
3842,下(个）星期,2,4,
3843,显威风,2,4,
3844,但愿……,2,4,
3845,中午十二点,2,4,
3846,出门儿,2,4,
3847,社会新闻,2,4,
3848,走进去,2,4,
3849,相……,2,4,
3850,在……下面,2,4,
3851,买菜,2,4,
3852,克勤克俭,2,4,
3853,各种,2,4,
3854,互不相识,2,4,
3855,调养健脾,2,4,
3856,法定,2,4,
3857,第二年,2,4,
3858,一般,2,4,
3859,高中毕业,2,4,
3860,小康社会,2,4,
3861,半信半疑,2,4,
3862,烈性毒药,2,4,
3863,拔掉,2,4,
3864,提问题,2,4,
3865,毫无限制,2,4,
3866,两分钟,2,4,
3867,掏出,2,4,
3868,听人说,2,4,
3869,之内,2,4,
3870,没好气,2,4,
3871,张口结舌,2,4,
3872,旧地重游,2,4,
3873,有人……,2,4,
3874,祝你好运,2,4,
3875,怎么说呢,2,4,
3876,那一套,2,4,
3877,渐渐地,2,4,
3878,多得要命,2,4,
3879,一头,2,4,
3880,耳熟能详,2,4,
3881,有福同享,2,4,
3882,撞上,2,4,
3883,修改草案,2,4,
3884,四大金刚,2,4,
3885,招兵买马,2,4,
3886,冒冷汗,2,4,
3887,面对面,2,4,
3888,携家带眷,2,4,
3889,速冻,2,4,
3890,耳鸣,2,4,
3891,犹豫不决,2,4,
3892,黄道吉日,2,4,
3893,帝国主义,2,4,
3894,性急,2,4,
3895,敷衍了事,2,4,
3896,第一季度,2,4,
3897,生活习惯,2,4,
3898,闻名于世,2,4,
3899,佛教浮雕,2,4,
3900,跟我念,2,4,
3901,左抹右涂,2,4,
3902,怎么行呢,2,4,
3903,说梦话,2,4,
3904,噢,2,4,
3905,唱反调,2,4,
3906,报盘,2,4,
3907,自食其力,2,4,
3908,同学们,2,4,
3909,三个月,2,4,
3910,开学,2,4,
3911,活见鬼,2,4,
3912,煮熟捣碎,2,4,
3913,说点儿,2,4,
3914,看看,2,4,
3915,第一节,2,4,
3916,网上商城,2,4,
3917,这是,2,4,
3918,三思而行,2,4,
3919,回不去,2,4,
3920,博览会,2,4,
3921,简体字,2,4,
3922,差远了,2,4,
3923,固定资产投资,2,4,
3924,一国两制,2,4,
3925,空手,2,4,
3926,……下去,2,4,
3927,突发奇想,2,4,
3928,由……到……,2,4,
3929,毫不留情,2,4,
3930,冠以姓氏,2,4,
3931,模棱两可,2,4,
3932,奉书献马,2,4,
3933,配不上,2,4,
3934,第二次,2,4,
3935,尽心尽力,2,4,
3936,官商勾结,2,4,
3937,试生产,2,4,
3938,白忙活,2,4,
3939,出头之日,2,4,
3940,去看,2,4,
3941,弘益人间,2,4,
3942,过年,2,4,
3943,韩国,2,4,
3944,五讲四美三热爱,2,4,
3945,一笔勾销,2,4,
3946,官高势大,2,4,
3947,该不会…吧,2,4,
3948,可能是,2,4,
3949,为日本统治,2,4,
3950,感冒药,2,4,
3951,竞争优势,2,4,
3952,得……,2,4,
3953,几代同堂,2,4,
3954,欧元,2,4,
3955,吐蕾,2,4,
3956,古朴淳厚,2,4,
3957,管它的,2,4,
3958,纯属炒作,2,4,
3959,只好……,2,4,
3960,我对……的无限尊敬,2,4,
3961,转个不停,2,4,
3962,单人,2,4,
3963,时时处处,2,4,
3964,注册会员,2,4,
3965,寻人启事,2,4,
3966,下月,2,4,
3967,夜以继日,2,4,
3968,烟酒不分家,2,4,
3969,那个时候,2,4,
3970,璀璨文化的荒唐现象,2,4,
3971,第三者,2,4,
3972,不是……是……,2,4,
3973,乐此不疲地,2,4,
3974,喝够,2,4,
3975,无论……还是……都……,2,4,
3976,凶恶残暴,2,4,
3977,政治献金,2,4,
3978,漫天讨价,2,4,
3979,不讲道理,2,4,
3980,自从……,2,4,
3981,那时,2,4,
3982,玩儿牌,2,4,
3983,打~球,2,4,
3984,风马牛不相及,2,4,
3985,海水浴场,2,4,
3986,螺钿工艺品,2,4,
3987,只要功夫深铁杵磨成针,2,4,
3988,连A都B,2,4,
3989,……左右,2,4,
3990,面子体裁,2,4,
3991,不愧,2,4,
3992,构人是非,2,4,
3993,石狮子,2,4,
3994,风华正茂,2,4,
3995,生为台湾人,2,4,
3996,美味佳肴,2,4,
3997,后边儿,2,4,
3998,逼真地,2,4,
3999,起得早,2,4,
4000,生灵涂炭,2,4,
4001,弄得,2,4,
4002,点蜡烛,2,4,
4003,某些项目,2,4,
4004,想得美,2,4,
4005,这种人,2,4,
4006,方兴未艾,2,4,
4007,—着,2,4,
4008,闭门羹,2,4,
4009,看做是……,2,4,
4010,有把握,2,4,
4011,手足无措,2,4,
4012,不是……嘛,2,4,
4013,不远千里,2,4,
4014,与口语表达关系密切行业,2,4,
4015,锐不可当,2,4,
4016,受到,2,4,
4017,沁人心脾,2,4,
4018,A是A,2,4,
4019,大雪纷飞,2,4,
4020,关好,2,4,
4021,安家落户,2,4,
4022,接待单位,2,4,
4023,别开,2,4,
4024,好用,2,4,
4025,曹,2,4,
4026,明码标价,2,4,
4027,感激之情,2,4,
4028,孟母三迁,2,4,
4029,浑身发冷,2,4,
4030,捉摸不透,2,4,
4031,风度翩翩,2,4,
4032,小事一桩,2,4,
4033,下午,2,4,
4034,旅途愉快,2,4,
4035,半生不熟,2,4,
4036,休戚与共,2,4,
4037,少看,2,4,
4038,急事儿,2,4,
4039,饿死,2,4,
4040,硬通货,2,4,
4041,腰痛,2,4,
4042,并肩而立,2,4,
4043,锻炼身体,2,4,
4044,光宗耀祖,2,4,
4045,冰辙,2,4,
4046,不但……还……,2,4,
4047,一落千丈,2,4,
4048,七点差十分,2,4,
4049,异军突起,2,4,
4050,从容不迫,2,4,
4051,待人接物,2,4,
4052,难念,2,4,
4053,过分,2,4,
4054,面色苍白,2,4,
4055,病毒性感冒,2,4,
4056,在……以后,2,4,
4057,西电东送,2,4,
4058,印度人,2,4,
4059,手舞足蹈,2,4,
4060,蘑菇炖煮,2,4,
4061,视A为B,2,4,
4062,磨磨蹭蹭,2,4,
4063,秀展景观设计,2,4,
4064,当牛做马,2,4,
4065,露马脚,2,4,
4066,逾重行李,2,4,
4067,第几,2,4,
4068,假山假水,2,4,
4069,明白无误地,2,4,
4070,蓝天,2,4,
4071,有点儿那个,2,4,
4072,牟取暴利,2,4,
4073,付款条件,2,4,
4074,站起身,2,4,
4075,坐月子,2,4,
4076,好多,2,4,
4077,单人间,2,4,
4078,从……来看……,2,4,
4079,大兴土木,2,4,
4080,真伪难辨,2,4,
4081,会成长而且会发展,2,4,
4082,熬夜,2,4,
4083,人人皆知,2,4,
4084,抖空竹,2,4,
4085,一到……,2,4,
4086,扎紧,2,4,
4087,废寝忘食,2,4,
4088,音乐会,2,4,
4089,念书,2,4,
4090,把……,2,4,
4091,在……周围,2,4,
4092,作恶多端,2,4,
4093,由,2,4,
4094,猜对,2,4,
4095,频获大奖,2,4,
4096,痴想,2,4,
4097,……才……的,2,4,
4098,大幅度,2,4,
4099,没脱柴禾味道,2,4,
4100,坐下,2,4,
4101,重新启动,2,4,
4102,刨掉,2,4,
4103,庞大而致密,2,4,
4104,漫天要价,2,4,
4105,全攻全守,2,4,
4106,何况,2,4,
4107,文弱书生,2,4,
4108,打基础,2,4,
4109,泣不成声,2,4,
4110,展翅高飞,2,4,
4111,拿不出来,2,4,
4112,适于,2,4,
4113,打工去,2,4,
4114,太阳眼镜,2,4,
4115,顶得住,2,4,
4116,堆雪人,2,4,
4117,有责任心,2,4,
4118,得寸进尺,2,4,
4119,全聚德,2,4,
4120,雷雨,2,4,
4121,对……满意,2,4,
4122,学识渊博,2,4,
4123,大老远,2,4,
4124,正因为如此,2,4,
4125,办企业,2,4,
4126,没……的,2,4,
4127,满面笑容,2,4,
4128,整整齐齐,2,4,
4129,不顾惜,2,4,
4130,惊讶不已,2,4,
4131,哪里人,2,4,
4132,普快,2,4,
4133,金玉良缘,2,4,
4134,不胜枚举,2,4,
4135,桃花烂漫,2,4,
4136,严禁攀登,2,4,
4137,上有老，下有小,2,4,
4138,之所以……,2,4,
4139,……过来,2,4,
4140,可称为……,2,4,
4141,冲昏头脑,2,4,
4142,遍布,2,4,
4143,喜怒哀乐,2,4,
4144,爱不释手,2,4,
4145,不用……了,2,4,
4146,那倒也是,2,4,
4147,小声,2,4,
4148,独排众议,2,4,
4149,可以…了,2,4,
4150,纯属,2,4,
4151,说到底,2,4,
4152,多子多孙,2,4,
4153,信息时代,2,4,
4154,广播电台,2,4,
4155,得意忘形,2,4,
4156,君子一言，驷马难追,2,4,
4157,多少年,2,4,
4158,往里走,2,4,
4159,血浓于水,2,4,
4160,老……,2,4,
4161,当务之急,2,4,
4162,入口辛辣,2,4,
4163,大千世界,2,4,
4164,推辞不下,2,4,
4165,出乱子,2,4,
4166,恭恭敬敬,2,4,
4167,大模大样,2,4,
4168,身为台湾人,2,4,
4169,高不成，低不就,2,4,
4170,医疗保险,2,4,
4171,哪儿有……,2,4,
4172,顺着,2,4,
4173,出发地点,2,4,
4174,奇峰罗列,2,4,
4175,名利双收,2,4,
4176,电动剃须刀,2,4,
4177,炒菜,2,4,
4178,连锁店,2,4,
4179,急性肠炎,2,4,
4180,百看不厌,2,4,
4181,说话时,2,4,
4182,金,2,4,
4183,一分钟,2,4,
4184,……来……去,2,4,
4185,新闻联播,2,4,
4186,来龙去脉,2,4,
4187,可以说是……,2,4,
4188,空调设备,2,4,
4189,赏心,2,4,
4190,试试,2,4,
4191,没的说,2,4,
4192,天高气爽,2,4,
4193,晚到,2,4,
4194,哈哈,2,4,
4195,发高烧,2,4,
4196,学习和工作年龄,2,4,
4197,重重包围,2,4,
4198,忍着点儿,2,4,
4199,煮咖啡,2,4,
4200,经济效益,2,4,
4201,厂家直销,2,4,
4202,既然……就,2,4,
4203,长城,2,4,
4204,国营企业,2,4,
4205,毛毛雨,2,4,
4206,百思不得其解,2,4,
4207,白领阶层,2,4,
4208,人很多,2,4,
4209,乌鸦嘴,2,4,
4210,祸从天降,2,4,
4211,璀璨绚丽,2,4,
4212,应否,2,4,
4213,快,2,4,
4214,从旁观看,2,4,
4215,~了，……就,2,4,
4216,众说纷纭,2,4,
4217,全球经营网,2,4,
4218,正经事,2,4,
4219,（一）边……（一）边……,2,4,
4220,令人……,2,4,
4221,维吾尔族,2,4,
4222,豁然开朗,2,4,
4223,见到你,2,4,
4224,撒网打鱼,2,4,
4225,有气无力,2,4,
4226,入世,2,4,
4227,人众围观,2,4,
4228,我先走了,2,4,
4229,南水北调,2,4,
4230,我那……保姆,2,4,
4231,首屈一指,2,4,
4232,信息产业,2,4,
4233,以……为首,2,4,
4234,出人意料,2,4,
4235,齐心合力,2,4,
4236,管制刀具,2,4,
4237,旧城旧地,2,4,
4238,凡……都……,2,4,
4239,退票,2,4,
4240,出来一下,2,4,
4241,美得你,2,4,
4242,…极了,2,4,
4243,太子党,2,4,
4244,公共关系部,2,4,
4245,执迷不悟,2,4,
4246,犯呓挣,2,4,
4247,办理手续,2,4,
4248,回答错,2,4,
4249,落花流水,2,4,
4250,对……有兴趣,2,4,
4251,航空邮件,2,4,
4252,湖心亭,2,4,
4253,方块字音、形、意,2,4,
4254,北京奥运会,2,4,
4255,腿麻,2,4,
4256,连锁反应,2,4,
4257,改不了,2,4,
4258,令人心动,2,4,
4259,挂满,2,4,
4260,密密麻麻,2,4,
4261,谢世,2,4,
4262,心胸狭小,2,4,
4263,没（有）精神,2,4,
4264,有办法……,2,4,
4265,销售总额,2,4,
4266,淡泊名利,2,4,
4267,女士优先,2,4,
4268,铁板牛肉,2,4,
4269,胼胝,2,4,
4270,变幻莫测,2,4,
4271,白瞪着眼,2,4,
4272,从今,2,4,
4273,而已,2,4,
4274,当……,2,4,
4275,一日之计在于晨,2,4,
4276,只需用,2,4,
4277,上一次,2,4,
4278,一口,2,4,
4279,数十年,2,4,
4280,以销促产,2,4,
4281,来劲儿,2,4,
4282,有出息,2,4,
4283,他妈的,2,4,
4284,品学兼优,2,4,
4285,深呼吸,2,4,
4286,温带气候,2,4,
4287,社会主义,2,4,
4288,下意识地,2,4,
4289,朝夕相处,2,4,
4290,静下心来,2,4,
4291,娶了媳妇儿忘了娘,2,4,
4292,一遍都没有,2,4,
4293,工作人员,2,4,
4294,早一点,2,4,
4295,大年初一,2,4,
4296,五四,2,4,
4297,听得清楚,2,4,
4298,第二度,2,4,
4299,绿油油,2,4,
4300,币帛室,2,4,
4301,你们俩,2,4,
4302,只是,2,4,
4303,长满,2,4,
4304,叩头认罪,2,4,
4305,年年有余,2,4,
4306,定下来,2,4,
4307,吃早饭,2,4,
4308,烂醉如泥,2,4,
4309,见见面,2,4,
4310,投资环境,2,4,
4311,有点,2,4,
4312,打开,2,4,
4313,比翼双飞,2,4,
4314,擀皮儿,2,4,
4315,坐船,2,4,
4316,美梦成真,2,4,
4317,没多久,2,4,
4318,吹干,2,4,
4319,大喇叭,2,4,
4320,比,2,4,
4321,进不了,2,4,
4322,言行举止,2,4,
4323,两个小时,2,4,
4324,今日之我,2,4,
4325,不尽人意,2,4,
4326,莫不是,2,4,
4327,满山,2,4,
4328,流行性感冒,2,4,
4329,五讲四美,2,4,
4330,相当于……,2,4,
4331,被看……,2,4,
4332,每（个）星期,2,4,
4333,被黑了,2,4,
4334,出生年月,2,4,
4335,省时间,2,4,
4336,便于,2,4,
4337,少来这套,2,4,
4338,新建,2,4,
4339,分章,2,4,
4340,看你说的,2,4,
4341,半个月,2,4,
4342,听不清,2,4,
4343,分析得……,2,4,
4344,过年好,2,4,
4345,铁证如山,2,4,
4346,捉迷藏,2,4,
4347,乖乖地,2,4,
4348,就不……了,2,4,
4349,就……来说,2,4,
4350,与……有……联系,2,4,
4351,推诚行善,2,4,
4352,卖关子,2,4,
4353,同工同酬,2,4,
4354,惹出,2,4,
4355,山下,2,4,
4356,节日快乐,2,4,
4357,僧多粥少,2,4,
4358,多达,2,4,
4359,坚韧不屈,2,4,
4360,什么事,2,4,
4361,车一开,2,4,
4362,逍遥自在,2,4,
4363,称…为…,2,4,
4364,瑟瑟发抖,2,4,
4365,與……一水相隔,2,4,
4366,超大型,2,4,
4367,早起,2,4,
4368,赔礼道歉,2,4,
4369,山穷水尽,2,4,
4370,晕车,2,4,
4371,杀一儆百,2,4,
4372,看破,2,4,
4373,有名,2,4,
4374,死后结冤,2,4,
4375,再……不过了,2,4,
4376,妖里妖气,2,4,
4377,A是A…不过,2,4,
4378,居……之首,2,4,
4379,异彩纷呈,2,4,
4380,二年级,2,4,
4381,……就行,2,4,
4382,一见倾心,2,4,
4383,用……去……,2,4,
4384,能工巧匠,2,4,
4385,耍嘴皮子,2,4,
4386,温泉浴,2,4,
4387,岂不是,2,4,
4388,文臣武将,2,4,
4389,不结盟外交,2,4,
4390,眼睛里不揉沙子,2,4,
4391,病倒,2,4,
4392,伸懒腰,2,4,
4393,美丑,2,4,
4394,百里挑一,2,4,
4395,讲理,2,4,
4396,发号施令,2,4,
4397,镭射激光,2,4,
4398,奇形怪状,2,4,
4399,大多,2,4,
4400,不仅仅……而且,2,4,
4401,惊叹万分,2,4,
4402,我要这个,2,4,
4403,不是……就是~,2,4,
4404,触电,2,4,
4405,累了,2,4,
4406,写好了,2,4,
4407,打开课本,2,4,
4408,玩儿电脑,2,4,
4409,孕育着,2,4,
4410,若隐若现,2,4,
4411,开幕词,2,4,
4412,看漫画,2,4,
4413,孤孤单单,2,4,
4414,往,2,4,
4415,把……让给我了,2,4,
4416,多遍,2,4,
4417,小吃街,2,4,
4418,不胫而走,2,4,
4419,退耕还林,2,4,
4420,神经痛,2,4,
4421,跳绳,2,4,
4422,走累,2,4,
4423,中央电视台,2,4,
4424,势不两立,2,4,
4425,我也,2,4,
4426,在……上写明,2,4,
4427,增压密封,2,4,
4428,怪我,2,4,
4429,听道,2,4,
4430,安营下寨,2,4,
4431,帮一把,2,4,
4432,合作经营,2,4,
4433,还不成吗,2,4,
4434,无处不在,2,4,
4435,划破,2,4,
4436,我国,2,4,
4437,来之不易,2,4,
4438,订票,2,4,
4439,政策手段,2,4,
4440,一副,2,4,
4441,吃好了,2,4,
4442,出远门,2,4,
4443,散步,2,4,
4444,随之,2,4,
4445,直入云霄,2,4,
4446,好是好,2,4,
4447,没有人,2,4,
4448,执行起来,2,4,
4449,在...当中,2,4,
4450,后悔莫及,2,4,
4451,有火,2,4,
4452,落地签证,2,4,
4453,以……计算,2,4,
4454,烟消云散,2,4,
4455,狗嘴里吐不出象牙,2,4,
4456,由此,2,4,
4457,不像样,2,4,
4458,小点儿声,2,4,
4459,暴跳如雷,2,4,
4460,风风雨雨,2,4,
4461,呕吐得非常厉害,2,4,
4462,对面相坐,2,4,
4463,是……做的,2,4,
4464,美术馆,2,4,
4465,打呵欠,2,4,
4466,坐而论道,2,4,
4467,无意中,2,4,
4468,悬河,2,4,
4469,不姓……,2,4,
4470,以……为…,2,4,
4471,算哪顿,2,4,
4472,不期而遇,2,4,
4473,拉肚,2,4,
4474,见利忘义,2,4,
4475,资本运作,2,4,
4476,德国人,2,4,
4477,郎才女貌,2,4,
4478,独家代理权,2,4,
4479,苦过来,2,4,
4480,同……一样,2,4,
4481,外商直接投资,2,4,
4482,哪儿都……,2,4,
4483,多的是,2,4,
4484,不仅对……而且对……,2,4,
4485,小公共,2,4,
4486,攻守俱佳,2,4,
4487,拿下来,2,4,
4488,用……来……,2,4,
4489,口无恶言,2,4,
4490,平白无故,2,4,
4491,贪婪无情,2,4,
4492,彩色铅笔,2,4,
4493,开会,2,4,
4494,加工贸易,2,4,
4495,装模作样,2,4,
4496,喜气洋洋,2,4,
4497,希望工程,2,4,
4498,惨遭焚毁,2,4,
4499,长见识,2,4,
4500,四处游荡,2,4,
4501,~远了,2,4,
4502,十点半,2,4,
4503,可算,2,4,
4504,不是味儿,2,4,
4505,不可开交,2,4,
4506,齐腰高,2,4,
4507,没有了,2,4,
4508,蹭吃蹭喝,2,4,
4509,发牢骚,2,4,
4510,够受,2,4,
4511,批量购买,2,4,
4512,跑进来,2,4,
4513,严冬腊月,2,4,
4514,浅色的,2,4,
4515,翻译成,2,4,
4516,没见,2,4,
4517,虽然……但……却……,2,4,
4518,留在,2,4,
4519,数以……计,2,4,
4520,驾驶学校,2,4,
4521,交货,2,4,
4522,没事儿吧,2,4,
4523,这下,2,4,
4524,联网,2,4,
4525,天有不测风云,2,4,
4526,满……的,2,4,
4527,五点十分,2,4,
4528,正因为……才……,2,4,
4529,少生,2,4,
4530,好像是,2,4,
4531,安分守己,2,4,
4532,下马威,2,4,
4533,避暑胜地,2,4,
4534,爻卦,2,4,
4535,我们班,2,4,
4536,形同虚设,2,4,
4537,不知好歹,2,4,
4538,站着茅坑不拉屎,2,4,
4539,一块,2,4,
4540,市场调查,2,4,
4541,幸灾乐祸,2,4,
4542,垂涎三尺,2,4,
4543,五谷丰登,2,4,
4544,福如东海,2,4,
4545,危亡之际,2,4,
4546,不知所云,2,4,
4547,并不是,2,4,
4548,荷猎枪,2,4,
4549,自立为帝,2,4,
4550,注意到,2,4,
4551,一尘不染,2,4,
4552,以……来命名,2,4,
4553,中外合资,2,4,
4554,上哪儿去,2,4,
4555,绝不……,2,4,
4556,说定,2,4,
4557,水滴石穿,2,4,
4558,坐满,2,4,
4559,呼朋引伴,2,4,
4560,擤鼻涕,2,4,
4561,……错,2,4,
4562,糖醋鲤鱼,2,4,
4563,吐痰,2,4,
4564,办点儿事儿,2,4,
4565,误操作,2,4,
4566,四不像,2,4,
4567,捕风捉影,2,4,
4568,连……（也）,2,4,
4569,……块……毛,2,4,
4570,甚至……,2,4,
4571,水旱灾害,2,4,
4572,谁都,2,4,
4573,两份儿工作,2,4,
4574,没有关系,2,4,
4575,最惠国待遇,2,4,
4576,史记,2,4,
4577,翻毛皮鞋,2,4,
4578,关在,2,4,
4579,变化多端,2,4,
4580,添了,2,4,
4581,牵线搭桥,2,4,
4582,洋弟子,2,4,
4583,梅雨季节,2,4,
4584,听……说,2,4,
4585,催马赶去,2,4,
4586,人均,2,4,
4587,坐下来,2,4,
4588,标新立异,2,4,
4589,不让,2,4,
4590,矿泉水,2,4,
4591,专卖权,2,4,
4592,百尺竿头,2,4,
4593,等地,2,4,
4594,流口水,2,4,
4595,考试及格,2,4,
4596,快黑了,2,4,
4597,紧闭嘴唇,2,4,
4598,航天飞机,2,4,
4599,谈何容易,2,4,
4600,五角,2,4,
4601,说话算数,2,4,
4602,逛庙会,2,4,
4603,照镜子,2,4,
4604,末班车,2,4,
4605,过体重,2,4,
4606,佛教遗址,2,4,
4607,这些,2,4,
4608,给……添了一把火,2,4,
4609,贫病交加,2,4,
4610,我是,2,4,
4611,同路,2,4,
4612,像有个兔子在踹,2,4,
4613,大声疾呼,2,4,
4614,打死,2,4,
4615,按照,2,4,
4616,眉飞色舞,2,4,
4617,健康申明卡,2,4,
4618,撬开,2,4,
4619,去……开会,2,4,
4620,换衣服,2,4,
4621,报喜,2,4,
4622,脸红,2,4,
4623,产业结构,2,4,
4624,三点,2,4,
4625,还没有,2,4,
4626,发挥作用,2,4,
4627,血口喷人,2,4,
4628,下星期三,2,4,
4629,站不起来,2,4,
4630,只惩罚到,2,4,
4631,心服口服,2,4,
4632,……好吗,2,4,
4633,颇有,2,4,
4634,本土化,2,4,
4635,跳迪斯科,2,4,
4636,吃饱了,2,4,
4637,航空信,2,4,
4638,热门货,2,4,
4639,下午一点半,2,4,
4640,精神焕发,2,4,
4641,数以百计,2,4,
4642,递过来,2,4,
4643,觉得……,2,4,
4644,动物园,2,4,
4645,销售工作,2,4,
4646,哪边儿,2,4,
4647,利用……来……,2,4,
4648,准时,2,4,
4649,切勿,2,4,
4650,半价,2,4,
4651,动作捕捉,2,4,
4652,寸步难行,2,4,
4653,与世无争,2,4,
4654,打麻药,2,4,
4655,做不完,2,4,
4656,停在门口,2,4,
4657,四面楚歌,2,4,
4658,胡问,2,4,
4659,不出所料,2,4,
4660,难以为继,2,4,
4661,所作所为,2,4,
4662,除（了）……以外,2,4,
4663,打盹儿,2,4,
4664,以……为基础,2,4,
4665,难说,2,4,
4666,吃不消,2,4,
4667,沿街,2,4,
4668,滴雨未下,2,4,
4669,不对头,2,4,
4670,点滴琐事,2,4,
4671,三世同堂,2,4,
4672,有难同当,2,4,
4673,保留下来,2,4,
4674,头头是道,2,4,
4675,积草屯粮,2,4,
4676,开着……车子,2,4,
4677,吸引力,2,4,
4678,理发,2,4,
4679,诚心诚意,2,4,
4680,不好说,2,4,
4681,淹死,2,4,
4682,不怕,2,4,
4683,写作业,2,4,
4684,高抬贵手,2,4,
4685,电饭锅,2,4,
4686,A股,2,4,
4687,笨手笨脚,2,4,
4688,表里如一,2,4,
4689,还盘,2,4,
4690,问问,2,4,
4691,两张,2,4,
4692,好惨,2,4,
4693,学……的,2,4,
4694,闭关锁国,2,4,
4695,政治功能,2,4,
4696,平反昭雪,2,4,
4697,变宝,2,4,
4698,人性化,2,4,
4699,不可撤销信用证,2,4,
4700,快餐店,2,4,
4701,有毛病,2,4,
4702,国内生产总值,2,4,
4703,与生俱来,2,4,
4704,叫外卖,2,4,
4705,安全带,2,4,
4706,欣喜若狂,2,4,
4707,十秒,2,4,
4708,繁荣昌盛,2,4,
4709,回老家,2,4,
4710,闷得慌,2,4,
4711,国权被夺,2,4,
4712,一时,2,4,
4713,万岁,2,4,
4714,死不了,2,4,
4715,热络异常,2,4,
4716,夜阑人静,2,4,
4717,斩钉截铁,2,4,
4718,趁热,2,4,
4719,守纪律,2,4,
4720,戒烟,2,4,
4721,和你,2,4,
4722,走吧,2,4,
4723,跨于,2,4,
4724,马上就……,2,4,
4725,不论……哪……均……,2,4,
4726,马关条约,2,4,
4727,伊索寓言,2,4,
4728,守株待兔,2,4,
4729,紧张的对立关系,2,4,
4730,颇为,2,4,
4731,大起大落,2,4,
4732,板上钉钉,2,4,
4733,五个,2,4,
4734,他孩子,2,4,
4735,随地吐痰,2,4,
4736,加班加点,2,4,
4737,毫不忆及,2,4,
4738,雨停了,2,4,
4739,半个,2,4,
4740,一涌而出,2,4,
4741,显示速度,2,4,
4742,这一,2,4,
4743,焦急万分,2,4,
4744,国外,2,4,
4745,人各有志,2,4,
4746,前苏联和前东欧社会主义国家,2,4,
4747,在~,2,4,
4748,有所作为,2,4,
4749,才对,2,4,
4750,四四方方,2,4,
4751,再也……了,2,4,
4752,差点儿（没）,2,4,
4753,还过得去,2,4,
4754,急中生智,2,4,
4755,黎民百姓,2,4,
4756,通人性,2,4,
4757,锲而不舍,2,4,
4758,美国国际贸易公司,2,4,
4759,免得,2,4,
4760,化,2,4,
4761,万般无奈,2,4,
4762,史无前例,2,4,
4763,周,2,4,
4764,勃然大怒,2,4,
4765,游泳,2,4,
4766,无一例外,2,4,
4767,怎么会,2,4,
4768,非…不可,2,4,
4769,后来,2,4,
4770,做成,2,4,
4771,横冲直撞地,2,4,
4772,中文系,2,4,
4773,不胜,2,4,
4774,伤风败俗,2,4,
4775,风烛残年,2,4,
4776,由此可见,2,4,
4777,分阶段,2,4,
4778,皮蛋豆腐,2,4,
4779,三叉,2,4,
4780,洋溢着,2,4,
4781,谈笑风生,2,4,
4782,开阔眼界,2,4,
4783,漂洋过海,2,4,
4784,请早,2,4,
4785,开往,2,4,
4786,合不来,2,4,
4787,六点,2,4,
4788,慢点儿,2,4,
4789,寄来,2,4,
4790,鸦片战争,2,4,
4791,咬死,2,4,
4792,全民公决,2,4,
4793,姹紫嫣红,2,4,
4794,惹是生非,2,4,
4795,红的,2,4,
4796,民族共同语,2,4,
4797,肝脑涂地,2,4,
4798,书香门第,2,4,
4799,僵持状态,2,4,
4800,奇岩怪石,2,4,
4801,把你能的,2,4,
4802,擦皮鞋,2,4,
4803,那句,2,4,
4804,（是）……的,2,4,
4805,长短,2,4,
4806,电影明星,2,4,
4807,没说的,2,4,
4808,假冒伪劣,2,4,
4809,边儿,2,4,
4810,缺水,2,4,
4811,避重就轻,2,4,
4812,溜旱冰,2,4,
4813,就……,2,4,
4814,视之为……,2,4,
4815,人际关系,2,4,
4816,兴邦复业,2,4,
4817,挤得出,2,4,
4818,因特网,2,4,
4819,不懈追求,2,4,
4820,送礼物,2,4,
4821,没什么事儿,2,4,
4822,口称敕,2,4,
4823,凌晨三点四十五,2,4,
4824,……之父,2,4,
4825,矮半截,2,4,
4826,电子产品,2,4,
4827,不以为意,2,4,
4828,不管怎么样,2,4,
4829,毫不容情,2,4,
4830,我走了,2,4,
4831,划为极右,2,4,
4832,等你,2,4,
4833,一号,2,4,
4834,网络业,2,4,
4835,先端,2,4,
4836,宽敞优雅,2,4,
4837,五星红旗,2,4,
4838,以身试法,2,4,
4839,驾驶模拟训练,2,4,
4840,入境审查,2,4,
4841,住哪儿,2,4,
4842,庞大工程,2,4,
4843,叫什么名字,2,4,
4844,虽……可……,2,4,
4845,珠穆朗玛峰,2,4,
4846,老王卖瓜，自卖自夸,2,4,
4847,读书,2,4,
4848,高科技,2,4,
4849,明摆着,2,4,
4850,延年益寿,2,4,
4851,回过头来,2,4,
4852,喝光,2,4,
4853,屈从于,2,4,
4854,涂睫毛膏,2,4,
4855,北少南多,2,4,
4856,塑料袋,2,4,
4857,红绿灯,2,4,
4858,讲价减价,2,4,
4859,不过……罢了,2,4,
4860,与……,2,4,
4861,虚实相蒙,2,4,
4862,要么……要么……,2,4,
4863,扫地,2,4,
4864,打……折,2,4,
4865,一提到……,2,4,
4866,不停,2,4,
4867,不够意思,2,4,
4868,是,2,4,
4869,十一届三中全会,2,4,
4870,绣满,2,4,
4871,分不清,2,4,
4872,大张旗鼓,2,4,
4873,多年,2,4,
4874,练气功,2,4,
4875,推上……,2,4,
4876,恨之入骨,2,4,
4877,白得,2,4,
4878,话音未落,2,4,
4879,成批生产,2,4,
4880,有钱,2,4,
4881,十之八九,2,4,
4882,四世同堂,2,4,
4883,雕版印刷,2,4,
4884,开户头,2,4,
4885,海关柜台,2,4,
4886,打伞,2,4,
4887,陪我,2,4,
4888,看着办,2,4,
4889,女学生,2,4,
4890,迎上来,2,4,
4891,涨价,2,4,
4892,出钱,2,4,
4893,怎么着,2,4,
4894,了……了,2,4,
4895,可支配收入,2,4,
4896,一路发发,2,4,
4897,……点,2,4,
4898,存在于【和……相连的……】,2,4,
4899,超前消费,2,4,
4900,兵临城下,2,4,
4901,一瞬间,2,4,
4902,卧虎藏龙,2,4,
4903,人丁旺盛,2,4,
4904,跳起来,2,4,
4905,磁浮列车,2,4,
4906,另眼相看,2,4,
4907,“先生”、“小姐”地叫,2,4,
4908,取决于,2,4,
4909,输错,2,4,
4910,讨吉利,2,4,
4911,要财不要命,2,4,
4912,逛商店,2,4,
4913,两室一厅,2,4,
4914,女人能顶半边天,2,4,
4915,腰缠万贯,2,4,
4916,污染环境,2,4,
4917,无论……或……,2,4,
4918,有眼无心,2,4,
4919,那时候,2,4,
4920,天圆地方,2,4,
4921,处逆境,2,4,
4922,报错,2,4,
4923,机场建设费,2,4,
4924,没（有）意思,2,4,
4925,走街串巷,2,4,
4926,大雁塔,2,4,
4927,干什么都,2,4,
4928,用……的话来说,2,4,
4929,春光旖旎,2,4,
4930,等不及,2,4,
4931,跟我来,2,4,
4932,文本文件,2,4,
4933,孜孜以求,2,4,
4934,北边儿,2,4,
4935,安的什么心,2,4,
4936,穿的,2,4,
4937,才能,2,4,
4938,称心如意,2,4,
4939,左顾右盼,2,4,
4940,剪头发,2,4,
4941,矛头所向,2,4,
4942,阴柔气质,2,4,
4943,翻来覆去,2,4,
4944,羽绒外套,2,4,
4945,倒胃口,2,4,
4946,上网聊天儿,2,4,
4947,玩忽职守,2,4,
4948,言简意赅,2,4,
4949,跟……比,2,4,
4950,逐句宣读,2,4,
4951,普通代理,2,4,
4952,聋子没治好治成哑巴了,2,4,
4953,飞机上,2,4,
4954,身体健康,2,4,
4955,形形色色,2,4,
4956,一本,2,4,
4957,儿化,2,4,
4958,别有用心,2,4,
4959,绝不是,2,4,
4960,民心所向,2,4,
4961,比你,2,4,
4962,醇厚悠长,2,4,
4963,毫不在乎,2,4,
4964,是……还是,2,4,
4965,娶亲嫁女,2,4,
4966,街道改正破坏,2,4,
4967,打成一片,2,4,
4968,好像…一样,2,4,
4969,花样翻新,2,4,
4970,滥竽充数,2,4,
4971,不论……或……都……,2,4,
4972,有得有失,2,4,
4973,直说,2,4,
4974,闲着没事,2,4,
4975,危峰兀立,2,4,
4976,夜生活,2,4,
4977,杀鸡宰猪,2,4,
4978,—得,2,4,
4979,随身,2,4,
4980,让……,2,4,
4981,调价还价,2,4,
4982,没来,2,4,
4983,泡沫经济,2,4,
4984,BP机,2,4,
4985,擦嘴,2,4,
4986,有完没完,2,4,
4987,要……才能……,2,4,
4988,如鱼得水,2,4,
4989,偶像剧,2,4,
4990,……上去,2,4,
4991,半小时,2,4,
4992,也就是说……,2,4,
4993,背地里,2,4,
4994,粮尽援绝,2,4,
4995,离不了,2,4,
4996,租不起,2,4,
4997,发酵食品,2,4,
4998,备战状态,2,4,
4999,不要客气,2,4,
5000,传出去,2,4,
5001,无论如何也,2,4,
5002,台式电脑,2,4,
5003,千军万马过独木桥,2,4,
5004,望文生义,2,4,
5005,把A交给B,2,4,
5006,南风不竞,2,4,
5007,~呀~呀,2,4,
5008,欢聚一堂,2,4,
5009,知己知彼,2,4,
5010,有……吗,2,4,
5011,登峰造极,2,4,
5012,纺纱结线,2,4,
5013,团团转,2,4,
5014,赚钱,2,4,
5015,过人之处,2,4,
5016,不管怎么说,2,4,
5017,木须肉,2,4,
5018,反了,2,4,
5019,尽管如此,2,4,
5020,连…也…,2,4,
5021,细想起来,2,4,
5022,狂呼乱叫,2,4,
5023,综上所述,2,4,
5024,打不起来,2,4,
5025,日落月开,2,4,
5026,蘸辣椒酱,2,4,
5027,声势浩大,2,4,
5028,圆通大师,2,4,
5029,自理行李,2,4,
5030,……和……,2,4,
5031,走了进来,2,4,
5032,众星捧月,2,4,
5033,新闻广播,2,4,
5034,电影票,2,4,
5035,广受瞩目,2,4,
5036,股份制,2,4,
5037,给……写信,2,4,
5038,扎得慌,2,4,
5039,外边儿,2,4,
5040,做得到,2,4,
5041,这样下去,2,4,
5042,消失不见,2,4,
5043,当然可以,2,4,
5044,寮默,2,4,
5045,睡好,2,4,
5046,法不责众,2,4,
5047,顾全大局,2,4,
5048,...多了,2,4,
5049,电子游戏,2,4,
5050,得不偿失,2,4,
5051,语重心长,2,4,
5052,千言万语,2,4,
5053,哪个季节,2,4,
5054,忧心忡忡,2,4,
5055,猪狗不如,2,4,
5056,三鲜汤,2,4,
5057,叫车,2,4,
5058,发扬光大,2,4,
5059,非典,2,4,
5060,几,2,4,
5061,从……算起,2,4,
5062,最近一次,2,4,
5063,暴露无遗,2,4,
5064,不太好说,2,4,
5065,很高兴,2,4,
5066,到—来,2,4,
5067,八岁,2,4,
5068,中日词典,2,4,
5069,建交,2,4,
5070,救出来,2,4,
5071,有线电视,2,4,
5072,开门见山,2,4,
5073,只……的,2,4,
5074,关上,2,4,
5075,除了……,2,4,
5076,喝下去,2,4,
5077,休假,2,4,
5078,第三国,2,4,
5079,出点儿什么事儿,2,4,
5080,那种,2,4,
5081,连…都…,2,4,
5082,易买得,2,4,
5083,慢跑,2,4,
5084,熬不住,2,4,
5085,半空中,2,4,
5086,回乡探亲,2,4,
5087,怪……的,2,4,
5088,五口人,2,4,
5089,叫着叫着,2,4,
5090,受刑受罪,2,4,
5091,吃晚饭,2,4,
5092,想来想去,2,4,
5093,多挣一点钱,2,4,
5094,洗衣机,2,4,
5095,推陈出新,2,4,
5096,命大,2,4,
5097,进公司,2,4,
5098,这一点,2,4,
5099,西红柿炒鸡蛋,2,4,
5100,特此,2,4,
5101,一定会,2,4,
5102,发财致富,2,4,
5103,呆上,2,4,
5104,买少,2,4,
5105,看脸色,2,4,
5106,年老体衰,2,4,
5107,这半年,2,4,
5108,下午三点,2,4,
5109,有所本,2,4,
5110,燃爆竹,2,4,
5111,外交官,2,4,
5112,吃不上,2,4,
5113,个子,2,4,
5114,得感冒,2,4,
5115,发青,2,4,
5116,毫不相干,2,4,
5117,起来了,2,4,
5118,朝鲜族,2,4,
5119,很快就要……,2,4,
5120,见多识广,2,4,
5121,因地而异,2,4,
5122,除垢,2,4,
5123,登录不进去,2,4,
5124,五月,2,4,
5125,百事可乐,2,4,
5126,得得得,2,4,
5127,纯收入,2,4,
5128,丢人现眼,2,4,
5129,……来,2,4,
5130,……出来,2,4,
5131,百无聊赖,2,4,
5132,呆会儿,2,4,
5133,有志者事竟成,2,4,
5134,社会上,2,4,
5135,图谋不轨,2,4,
5136,穿（上）衣服,2,4,
5137,反堕胎,2,4,
5138,人地生疏,2,4,
5139,经得住,2,4,
5140,一里,2,4,
5141,心不在焉,2,4,
5142,要,2,4,
5143,重病在身,2,4,
5144,听课,2,4,
5145,不治之症,2,4,
5146,汉堡包,2,4,
5147,洗碗,2,4,
5148,未尝不可,2,4,
5149,红色旅游,2,4,
5150,十二生肖,2,4,
5151,我就……,2,4,
5152,流水淙淙,2,4,
5153,固步自封,2,4,
5154,三番五次,2,4,
5155,擅离职守,2,4,
5156,捲入……之中,2,4,
5157,声东击西,2,4,
5158,终生大事,2,4,
5159,不得,2,4,
5160,过程性降水,2,4,
5161,文人墨客,2,4,
5162,找借口,2,4,
5163,半截入土,2,4,
5164,32路,2,4,
5165,便携式,2,4,
5166,一石激起千层浪,2,4,
5167,待理不理,2,4,
5168,文字处理机,2,4,
5169,相亲相爱,2,4,
5170,庸人自扰,2,4,
5171,狭义上,2,4,
5172,有时……有时……,2,4,
5173,去学校,2,4,
5174,俄语,2,4,
5175,一面之词,2,4,
5176,笨重庞大,2,4,
5177,热的,2,4,
5178,浑身,2,4,
5179,万世之功,2,4,
5180,要～了,2,4,
5181,看样,2,4,
5182,急性子,2,4,
5183,三八妇女节,2,4,
5184,知道了,2,4,
5185,请来,2,4,
5186,几星期,2,4,
5187,和睦相处,2,4,
5188,无奈,2,4,
5189,百年不遇,2,4,
5190,让我看看,2,4,
5191,难怪,2,4,
5192,潮水涨退,2,4,
5193,大势所趋,2,4,
5194,别担心,2,4,
5195,好像……,2,4,
5196,补习班,2,4,
5197,追根溯源,2,4,
5198,灰尘满面,2,4,
5199,上市超额,2,4,
5200,东坡肉,2,4,
5201,累坏,2,4,
5202,第二,2,4,
5203,那就……,2,4,
5204,庄稼婆,2,4,
5205,多多,2,4,
5206,出手可及天河,2,4,
5207,事实上,2,4,
5208,定时,2,4,
5209,吹长笛,2,4,
5210,再接再厉,2,4,
5211,忘在……,2,4,
5212,打光棍儿,2,4,
5213,不得……,2,4,
5214,请便,2,4,
5215,一分保姆费,2,4,
5216,一会儿……一会儿……,2,4,
5217,帐篷摊子,2,4,
5218,对……有限制,2,4,
5219,为了……而……,2,4,
5220,乱扔垃圾,2,4,
5221,哪儿呀,2,4,
5222,这种话,2,4,
5223,一看,2,4,
5224,忙死了,2,4,
5225,高中生,2,4,
5226,益形重要,2,4,
5227,花旗银行,2,4,
5228,贴着,2,4,
5229,做按摩,2,4,
5230,满脸红光,2,4,
5231,羞羞答答,2,4,
5232,茶余饭后,2,4,
5233,窗外,2,4,
5234,没有……为依据,2,4,
5235,言语浮夸,2,4,
5236,拉长了脸,2,4,
5237,签证入境,2,4,
5238,以……的名义,2,4,
5239,排山倒海,2,4,
5240,不欢而散,2,4,
5241,本市,2,4,
5242,鬼怪的故事,2,4,
5243,专供,2,4,
5244,下周,2,4,
5245,说曹操，曹操到,2,4,
5246,出类拔萃,2,4,
5247,把……引入……,2,4,
5248,一挥而就,2,4,
5249,过……,2,4,
5250,生精,2,4,
5251,保龄球,2,4,
5252,轮盘赌,2,4,
5253,几个星期,2,4,
5254,有魅力,2,4,
5255,我看……,2,4,
5256,连争带吵,2,4,
5257,报名,2,4,
5258,第二代,2,4,
5259,激光视盘,2,4,
5260,不但……还,2,4,
5261,卷土重来,2,4,
5262,真棒,2,4,
5263,套情况,2,4,
5264,束手无策,2,4,
5265,烧香念佛,2,4,
5266,过敏,2,4,
5267,日积月累,2,4,
5268,独资企业,2,4,
5269,紧接着,2,4,
5270,开不成,2,4,
5271,惊心动魄,2,4,
5272,港、台,2,4,
5273,正（在）……呢,2,4,
5274,不好看,2,4,
5275,分出胜负,2,4,
5276,怒气冲冲,2,4,
5277,隐形眼镜,2,4,
5278,无可非议,2,4,
5279,不可避免,2,4,
5280,家丑不可外扬,2,4,
5281,外资企业法,2,4,
5282,开空调,2,4,
5283,傻头傻脑,2,4,
5284,难以接受,2,4,
5285,五四运动,2,4,
5286,以上,2,4,
5287,小石子,2,4,
5288,纵横交错,2,4,
5289,西安,2,4,
5290,龙门,2,4,
5291,幸会,2,4,
5292,不来,2,4,
5293,闯红灯,2,4,
5294,你自己,2,4,
5295,不留行踪,2,4,
5296,哪有~啊,2,4,
5297,毋宁是,2,4,
5298,走亲串友,2,4,
5299,属牛,2,4,
5300,打到,2,4,
5301,黄酱火锅,2,4,
5302,住,2,4,
5303,水电费,2,4,
5304,合不拢嘴,2,4,
5305,永久居留权,2,4,
5306,认不出,2,4,
5307,随之而来,2,4,
5308,同样地,2,4,
5309,可不可以,2,4,
5310,只戴了三年,2,4,
5311,干什么呢,2,4,
5312,友情链接,2,4,
5313,随身听,2,4,
5314,……通,2,4,
5315,火车票,2,4,
5316,上档次,2,4,
5317,火烧眉毛,2,4,
5318,顶风,2,4,
5319,漫无目的,2,4,
5320,四十五分,2,4,
5321,一周,2,4,
5322,辛亥革命,2,4,
5323,张开嘴,2,4,
5324,助人为乐,2,4,
5325,历尽磨难,2,4,
5326,一日三餐,2,4,
5327,甭,2,4,
5328,古已有之,2,4,
5329,悔之不及,2,4,
5330,现届,2,4,
5331,市场经济,2,4,
5332,新品种,2,4,
5333,毫不犹豫地,2,4,
5334,起鸡皮疙瘩,2,4,
5335,腰酸背痛,2,4,
5336,稳定增长,2,4,
5337,愚人节,2,4,
5338,天翻地覆,2,4,
5339,没人接,2,4,
5340,直言无忌,2,4,
5341,依稀可辨,2,4,
5342,再,2,4,
5343,耳朵软,2,4,
5344,……所……的,2,4,
5345,外贸企业,2,4,
5346,瞠目结舌,2,4,
5347,还没……,2,4,
5348,不务正业,2,4,
5349,学不好,2,4,
5350,五十步笑百步,2,4,
5351,舒活筋骨,2,4,
5352,下边儿,2,4,
5353,慷慨解囊,2,4,
5354,前卫怪异,2,4,
5355,晴转阴,2,4,
5356,在~下,2,4,
5357,半瓶醋,2,4,
5358,逝于,2,4,
5359,悠然自得,2,4,
5360,跟~住在一起,2,4,
5361,以防,2,4,
5362,您先请,2,4,
5363,不动,2,4,
5364,录像机,2,4,
5365,桶装水,2,4,
5366,家长里短,2,4,
5367,朝三暮四,2,4,
5368,住院,2,4,
5369,美术明信片,2,4,
5370,何以会,2,4,
5371,没命,2,4,
5372,度蜜月,2,4,
5373,意志不坚,2,4,
5374,闹出事来,2,4,
5375,联合国,2,4,
5376,敬一杯,2,4,
5377,一边,2,4,
5378,不忍心,2,4,
5379,往返票,2,4,
5380,打不着球,2,4,
5381,外汇储备,2,4,
5382,身不由己,2,4,
5383,春秋时代,2,4,
5384,眼睛不花,2,4,
5385,望而生畏,2,4,
5386,误点,2,4,
5387,特许经营,2,4,
5388,请慢走,2,4,
5389,病从口入,2,4,
5390,下,2,4,
5391,大刀阔斧,2,4,
5392,打光棍,2,4,
5393,切开,2,4,
5394,不是滋味儿,2,4,
5395,中国歌,2,4,
5396,连连称赞,2,4,
5397,您说,2,4,
5398,无影无踪,2,4,
5399,触目惊心,2,4,
5400,子公司,2,4,
5401,生病,2,4,
5402,恬不知耻,2,4,
5403,留面子,2,4,
5404,我爱你,2,4,
5405,灌进来,2,4,
5406,稳扎稳打,2,4,
5407,国际劳动节,2,4,
5408,没必要……,2,4,
5409,十元,2,4,
5410,是我……,2,4,
5411,忠孝思想,2,4,
5412,回见,2,4,
5413,这场,2,4,
5414,受到热捧,2,4,
5415,绿树成荫,2,4,
5416,俱全,2,4,
5417,把……分成A与B,2,4,
5418,包括……在内,2,4,
5419,生活用品,2,4,
5420,敲门,2,4,
5421,管闲事,2,4,
5422,自付,2,4,
5423,下午五点,2,4,
5424,在……期间,2,4,
5425,全国语言文字工作会议,2,4,
5426,以一当十,2,4,
5427,他是谁,2,4,
5428,四边会谈,2,4,
5429,交易会,2,4,
5430,算谁的,2,4,
5431,自高自大,2,4,
5432,每个星期,2,4,
5433,那样的,2,4,
5434,不误,2,4,
5435,下星期二,2,4,
5436,庄严华丽,2,4,
5437,四季如春,2,4,
5438,由于……,2,4,
5439,逍遥法外,2,4,
5440,屡建奇功,2,4,
5441,只不过……而已,2,4,
5442,可能会,2,4,
5443,用户名,2,4,
5444,应尽,2,4,
5445,道了出来,2,4,
5446,电话亭,2,4,
5447,别是,2,4,
5448,大家好,2,4,
5449,打高尔夫球,2,4,
5450,故土难离,2,4,
5451,伐薪烧炭,2,4,
5452,平信,2,4,
5453,良师益友,2,4,
5454,赏月,2,4,
5455,只见,2,4,
5456,等着,2,4,
5457,节衣缩食,2,4,
5458,投石问路,2,4,
5459,离,2,4,
5460,街上路上,2,4,
5461,在……附近,2,4,
5462,贼人胆虚,2,4,
5463,使人,2,4,
5464,悠闲自在,2,4,
5465,刚过,2,4,
5466,想改变一下,2,4,
5467,尊姓大名,2,4,
5468,为我所用,2,4,
5469,填好,2,4,
5470,一种……行动,2,4,
5471,老老实实,2,4,
5472,拨零,2,4,
5473,记下来,2,4,
5474,闻名遐迩,2,4,
5475,视讯输入,2,4,
5476,两回事,2,4,
5477,铁饭碗,2,4,
5478,精神药物,2,4,
5479,怎么称呼,2,4,
5480,进来个司机,2,4,
5481,大吉大利,2,4,
5482,肿,2,4,
5483,猛增,2,4,
5484,来自……,2,4,
5485,快了,2,4,
5486,给……带来/提供,2,4,
5487,最高,2,4,
5488,合称为,2,4,
5489,开怀畅饮,2,4,
5490,吃光,2,4,
5491,酒后开车,2,4,
5492,从……的角度讲,2,4,
5493,乘虚而入,2,4,
5494,上酒吧去了,2,4,
5495,请假条,2,4,
5496,皮包骨头,2,4,
5497,双边,2,4,
5498,来得（不）及,2,4,
5499,串门儿,2,4,
5500,红魔,2,4,
5501,精彩纷呈,2,4,
5502,找的钱,2,4,
5503,甩尾巴,2,4,
5504,异国他乡,2,4,
5505,～多了,2,4,
5506,叫醒,2,4,
5507,看上去、听上去,2,4,
5508,大肆搜刮,2,4,
5509,跳蚤市场,2,4,
5510,B股,2,4,
5511,一个律一个律地,2,4,
5512,治病,2,4,
5513,强降水过程,2,4,
5514,踱来踱去,2,4,
